,ARQUIVO,ROTULO,ALVO
0,/content/drive/MyDrive/Colab Notebooks/Mask-detect/imagens/com-mascara/165.jpg,Com mascara,1
1,/content/drive/MyDrive/Colab Notebooks/Mask-detect/imagens/com-mascara/33.jpg,Com mascara,1
2,/content/drive/MyDrive/Colab Notebooks/Mask-detect/imagens/com-mascara/117.jpg,Com mascara,1
3,/content/drive/MyDrive/Colab Notebooks/Mask-detect/imagens/com-mascara/39.jpg,Com mascara,1
4,/content/drive/MyDrive/Colab Notebooks/Mask-detect/imagens/com-mascara/8.jpg,Com mascara,1
5,/content/drive/MyDrive/Colab Notebooks/Mask-detect/imagens/com-mascara/225.jpg,Com mascara,1
6,/content/drive/MyDrive/Colab Notebooks/Mask-detect/imagens/com-mascara/14.jpg,Com mascara,1
7,/content/drive/MyDrive/Colab Notebooks/Mask-detect/imagens/com-mascara/236.jpg,Com mascara,1
8,/content/drive/MyDrive/Colab Notebooks/Mask-detect/imagens/com-mascara/245.jpg,Com mascara,1
9,/content/drive/MyDrive/Colab Notebooks/Mask-detect/imagens/com-mascara/30.jpg,Com mascara,1
10,/content/drive/MyDrive/Colab Notebooks/Mask-detect/imagens/com-mascara/90.jpg,Com mascara,1
11,/content/drive/MyDrive/Colab Notebooks/Mask-detect/imagens/com-mascara/12.jpg,Com mascara,1
12,/content/drive/MyDrive/Colab Notebooks/Mask-detect/imagens/com-mascara/114.jpg,Com mascara,1
13,/content/drive/MyDrive/Colab Notebooks/Mask-detect/imagens/com-mascara/93.jpg,Com mascara,1
14,/content/drive/MyDrive/Colab Notebooks/Mask-detect/imagens/com-mascara/67.jpg,Com mascara,1
15,/content/drive/MyDrive/Colab Notebooks/Mask-detect/imagens/com-mascara/61.jpg,Com mascara,1
16,/content/drive/MyDrive/Colab Notebooks/Mask-detect/imagens/com-mascara/208.jpg,Com mascara,1
17,/content/drive/MyDrive/Colab Notebooks/Mask-detect/imagens/com-mascara/48.jpg,Com mascara,1
18,/content/drive/MyDrive/Colab Notebooks/Mask-detect/imagens/com-mascara/88.jpg,Com mascara,1
19,/content/drive/MyDrive/Colab Notebooks/Mask-detect/imagens/com-mascara/43.jpg,Com mascara,1
20,/content/drive/MyDrive/Colab Notebooks/Mask-detect/imagens/com-mascara/65.jpg,Com mascara,1
21,/content/drive/MyDrive/Colab Notebooks/Mask-detect/imagens/com-mascara/70.jpg,Com mascara,1
22,/content/drive/MyDrive/Colab Notebooks/Mask-detect/imagens/com-mascara/50.jpg,Com mascara,1
23,/content/drive/MyDrive/Colab Notebooks/Mask-detect/imagens/com-mascara/47.jpg,Com mascara,1
24,/content/drive/MyDrive/Colab Notebooks/Mask-detect/imagens/com-mascara/118.jpg,Com mascara,1
25,/content/drive/MyDrive/Colab Notebooks/Mask-detect/imagens/com-mascara/222.jpg,Com mascara,1
26,/content/drive/MyDrive/Colab Notebooks/Mask-detect/imagens/com-mascara/23.jpg,Com mascara,1
27,/content/drive/MyDrive/Colab Notebooks/Mask-detect/imagens/com-mascara/174.jpg,Com mascara,1
28,/content/drive/MyDrive/Colab Notebooks/Mask-detect/imagens/com-mascara/95.jpg,Com mascara,1
29,/content/drive/MyDrive/Colab Notebooks/Mask-detect/imagens/com-mascara/6.jpg,Com mascara,1
30,/content/drive/MyDrive/Colab Notebooks/Mask-detect/imagens/com-mascara/71.jpg,Com mascara,1
31,/content/drive/MyDrive/Colab Notebooks/Mask-detect/imagens/com-mascara/274.jpeg,Com mascara,1
32,/content/drive/MyDrive/Colab Notebooks/Mask-detect/imagens/com-mascara/108.jpg,Com mascara,1
33,/content/drive/MyDrive/Colab Notebooks/Mask-detect/imagens/com-mascara/18.jpg,Com mascara,1
34,/content/drive/MyDrive/Colab Notebooks/Mask-detect/imagens/com-mascara/136.jpg,Com mascara,1
35,/content/drive/MyDrive/Colab Notebooks/Mask-detect/imagens/com-mascara/251.jpg,Com mascara,1
36,/content/drive/MyDrive/Colab Notebooks/Mask-detect/imagens/com-mascara/271.jpeg,Com mascara,1
37,/content/drive/MyDrive/Colab Notebooks/Mask-detect/imagens/com-mascara/248.jpg,Com mascara,1
38,/content/drive/MyDrive/Colab Notebooks/Mask-detect/imagens/com-mascara/231.jpg,Com mascara,1
39,/content/drive/MyDrive/Colab Notebooks/Mask-detect/imagens/com-mascara/265.jpeg,Com mascara,1
40,/content/drive/MyDrive/Colab Notebooks/Mask-detect/imagens/com-mascara/119.jpg,Com mascara,1
41,/content/drive/MyDrive/Colab Notebooks/Mask-detect/imagens/com-mascara/130.jpg,Com mascara,1
42,/content/drive/MyDrive/Colab Notebooks/Mask-detect/imagens/com-mascara/137.jpg,Com mascara,1
43,/content/drive/MyDrive/Colab Notebooks/Mask-detect/imagens/com-mascara/36.jpg,Com mascara,1
44,/content/drive/MyDrive/Colab Notebooks/Mask-detect/imagens/com-mascara/176.jpg,Com mascara,1
45,/content/drive/MyDrive/Colab Notebooks/Mask-detect/imagens/com-mascara/256.jpg,Com mascara,1
46,/content/drive/MyDrive/Colab Notebooks/Mask-detect/imagens/com-mascara/204.jpg,Com mascara,1
47,/content/drive/MyDrive/Colab Notebooks/Mask-detect/imagens/com-mascara/255.jpg,Com mascara,1
48,/content/drive/MyDrive/Colab Notebooks/Mask-detect/imagens/com-mascara/126.jpg,Com mascara,1
49,/content/drive/MyDrive/Colab Notebooks/Mask-detect/imagens/com-mascara/205.jpg,Com mascara,1
50,/content/drive/MyDrive/Colab Notebooks/Mask-detect/imagens/com-mascara/223.jpg,Com mascara,1
51,/content/drive/MyDrive/Colab Notebooks/Mask-detect/imagens/com-mascara/164.jpg,Com mascara,1
52,/content/drive/MyDrive/Colab Notebooks/Mask-detect/imagens/com-mascara/233.jpg,Com mascara,1
53,/content/drive/MyDrive/Colab Notebooks/Mask-detect/imagens/com-mascara/125.jpg,Com mascara,1
54,/content/drive/MyDrive/Colab Notebooks/Mask-detect/imagens/com-mascara/186.jpg,Com mascara,1
55,/content/drive/MyDrive/Colab Notebooks/Mask-detect/imagens/com-mascara/1.jpg,Com mascara,1
56,/content/drive/MyDrive/Colab Notebooks/Mask-detect/imagens/com-mascara/26.jpg,Com mascara,1
57,/content/drive/MyDrive/Colab Notebooks/Mask-detect/imagens/com-mascara/41.jpg,Com mascara,1
58,/content/drive/MyDrive/Colab Notebooks/Mask-detect/imagens/com-mascara/191.jpg,Com mascara,1
59,/content/drive/MyDrive/Colab Notebooks/Mask-detect/imagens/com-mascara/235.jpg,Com mascara,1
60,/content/drive/MyDrive/Colab Notebooks/Mask-detect/imagens/com-mascara/96.jpg,Com mascara,1
61,/content/drive/MyDrive/Colab Notebooks/Mask-detect/imagens/com-mascara/147.jpg,Com mascara,1
62,/content/drive/MyDrive/Colab Notebooks/Mask-detect/imagens/com-mascara/128.jpg,Com mascara,1
63,/content/drive/MyDrive/Colab Notebooks/Mask-detect/imagens/com-mascara/113.jpg,Com mascara,1
64,/content/drive/MyDrive/Colab Notebooks/Mask-detect/imagens/com-mascara/81.jpg,Com mascara,1
65,/content/drive/MyDrive/Colab Notebooks/Mask-detect/imagens/com-mascara/58.jpg,Com mascara,1
66,/content/drive/MyDrive/Colab Notebooks/Mask-detect/imagens/com-mascara/238.jpg,Com mascara,1
67,/content/drive/MyDrive/Colab Notebooks/Mask-detect/imagens/com-mascara/72.jpg,Com mascara,1
68,/content/drive/MyDrive/Colab Notebooks/Mask-detect/imagens/com-mascara/133.jpg,Com mascara,1
69,/content/drive/MyDrive/Colab Notebooks/Mask-detect/imagens/com-mascara/42.jpg,Com mascara,1
70,/content/drive/MyDrive/Colab Notebooks/Mask-detect/imagens/com-mascara/138.jpg,Com mascara,1
71,/content/drive/MyDrive/Colab Notebooks/Mask-detect/imagens/com-mascara/263.jpeg,Com mascara,1
72,/content/drive/MyDrive/Colab Notebooks/Mask-detect/imagens/com-mascara/84.jpg,Com mascara,1
73,/content/drive/MyDrive/Colab Notebooks/Mask-detect/imagens/com-mascara/51.jpg,Com mascara,1
74,/content/drive/MyDrive/Colab Notebooks/Mask-detect/imagens/com-mascara/107.jpg,Com mascara,1
75,/content/drive/MyDrive/Colab Notebooks/Mask-detect/imagens/com-mascara/44.jpg,Com mascara,1
76,/content/drive/MyDrive/Colab Notebooks/Mask-detect/imagens/com-mascara/66.jpg,Com mascara,1
77,/content/drive/MyDrive/Colab Notebooks/Mask-detect/imagens/com-mascara/134.jpg,Com mascara,1
78,/content/drive/MyDrive/Colab Notebooks/Mask-detect/imagens/com-mascara/190.jpg,Com mascara,1
79,/content/drive/MyDrive/Colab Notebooks/Mask-detect/imagens/com-mascara/194.jpg,Com mascara,1
80,/content/drive/MyDrive/Colab Notebooks/Mask-detect/imagens/com-mascara/258.jpeg,Com mascara,1
81,/content/drive/MyDrive/Colab Notebooks/Mask-detect/imagens/com-mascara/172.jpg,Com mascara,1
82,/content/drive/MyDrive/Colab Notebooks/Mask-detect/imagens/com-mascara/76.jpg,Com mascara,1
83,/content/drive/MyDrive/Colab Notebooks/Mask-detect/imagens/com-mascara/120.jpg,Com mascara,1
84,/content/drive/MyDrive/Colab Notebooks/Mask-detect/imagens/com-mascara/219.jpg,Com mascara,1
85,/content/drive/MyDrive/Colab Notebooks/Mask-detect/imagens/com-mascara/34.jpg,Com mascara,1
86,/content/drive/MyDrive/Colab Notebooks/Mask-detect/imagens/com-mascara/0.jpg,Com mascara,1
87,/content/drive/MyDrive/Colab Notebooks/Mask-detect/imagens/com-mascara/273.jpeg,Com mascara,1
88,/content/drive/MyDrive/Colab Notebooks/Mask-detect/imagens/com-mascara/153.jpg,Com mascara,1
89,/content/drive/MyDrive/Colab Notebooks/Mask-detect/imagens/com-mascara/17.jpg,Com mascara,1
90,/content/drive/MyDrive/Colab Notebooks/Mask-detect/imagens/com-mascara/9.jpg,Com mascara,1
91,/content/drive/MyDrive/Colab Notebooks/Mask-detect/imagens/com-mascara/20.jpg,Com mascara,1
92,/content/drive/MyDrive/Colab Notebooks/Mask-detect/imagens/com-mascara/111.jpg,Com mascara,1
93,/content/drive/MyDrive/Colab Notebooks/Mask-detect/imagens/com-mascara/167.jpg,Com mascara,1
94,/content/drive/MyDrive/Colab Notebooks/Mask-detect/imagens/com-mascara/35.jpg,Com mascara,1
95,/content/drive/MyDrive/Colab Notebooks/Mask-detect/imagens/com-mascara/257.jpg,Com mascara,1
96,/content/drive/MyDrive/Colab Notebooks/Mask-detect/imagens/com-mascara/56.jpg,Com mascara,1
97,/content/drive/MyDrive/Colab Notebooks/Mask-detect/imagens/com-mascara/115.jpg,Com mascara,1
98,/content/drive/MyDrive/Colab Notebooks/Mask-detect/imagens/com-mascara/122.jpg,Com mascara,1
99,/content/drive/MyDrive/Colab Notebooks/Mask-detect/imagens/com-mascara/13.jpg,Com mascara,1
100,/content/drive/MyDrive/Colab Notebooks/Mask-detect/imagens/com-mascara/234.jpg,Com mascara,1
101,/content/drive/MyDrive/Colab Notebooks/Mask-detect/imagens/com-mascara/198.jpg,Com mascara,1
102,/content/drive/MyDrive/Colab Notebooks/Mask-detect/imagens/com-mascara/25.jpg,Com mascara,1
103,/content/drive/MyDrive/Colab Notebooks/Mask-detect/imagens/com-mascara/144.jpg,Com mascara,1
104,/content/drive/MyDrive/Colab Notebooks/Mask-detect/imagens/com-mascara/197.jpg,Com mascara,1
105,/content/drive/MyDrive/Colab Notebooks/Mask-detect/imagens/com-mascara/2.jpg,Com mascara,1
106,/content/drive/MyDrive/Colab Notebooks/Mask-detect/imagens/com-mascara/184.jpg,Com mascara,1
107,/content/drive/MyDrive/Colab Notebooks/Mask-detect/imagens/com-mascara/182.jpg,Com mascara,1
108,/content/drive/MyDrive/Colab Notebooks/Mask-detect/imagens/com-mascara/269.jpeg,Com mascara,1
109,/content/drive/MyDrive/Colab Notebooks/Mask-detect/imagens/com-mascara/24.jpg,Com mascara,1
110,/content/drive/MyDrive/Colab Notebooks/Mask-detect/imagens/com-mascara/73.jpg,Com mascara,1
111,/content/drive/MyDrive/Colab Notebooks/Mask-detect/imagens/com-mascara/16.jpg,Com mascara,1
112,/content/drive/MyDrive/Colab Notebooks/Mask-detect/imagens/com-mascara/5.jpg,Com mascara,1
113,/content/drive/MyDrive/Colab Notebooks/Mask-detect/imagens/com-mascara/150.jpg,Com mascara,1
114,/content/drive/MyDrive/Colab Notebooks/Mask-detect/imagens/com-mascara/232.jpg,Com mascara,1
115,/content/drive/MyDrive/Colab Notebooks/Mask-detect/imagens/com-mascara/49.jpg,Com mascara,1
116,/content/drive/MyDrive/Colab Notebooks/Mask-detect/imagens/com-mascara/246.jpg,Com mascara,1
117,/content/drive/MyDrive/Colab Notebooks/Mask-detect/imagens/com-mascara/240.jpg,Com mascara,1
118,/content/drive/MyDrive/Colab Notebooks/Mask-detect/imagens/com-mascara/87.jpg,Com mascara,1
119,/content/drive/MyDrive/Colab Notebooks/Mask-detect/imagens/com-mascara/168.jpg,Com mascara,1
120,/content/drive/MyDrive/Colab Notebooks/Mask-detect/imagens/com-mascara/29.jpg,Com mascara,1
121,/content/drive/MyDrive/Colab Notebooks/Mask-detect/imagens/com-mascara/135.jpg,Com mascara,1
122,/content/drive/MyDrive/Colab Notebooks/Mask-detect/imagens/com-mascara/106.jpg,Com mascara,1
123,/content/drive/MyDrive/Colab Notebooks/Mask-detect/imagens/com-mascara/62.jpg,Com mascara,1
124,/content/drive/MyDrive/Colab Notebooks/Mask-detect/imagens/com-mascara/77.jpg,Com mascara,1
125,/content/drive/MyDrive/Colab Notebooks/Mask-detect/imagens/com-mascara/272.jpeg,Com mascara,1
126,/content/drive/MyDrive/Colab Notebooks/Mask-detect/imagens/com-mascara/171.jpg,Com mascara,1
127,/content/drive/MyDrive/Colab Notebooks/Mask-detect/imagens/com-mascara/254.jpg,Com mascara,1
128,/content/drive/MyDrive/Colab Notebooks/Mask-detect/imagens/com-mascara/59.jpg,Com mascara,1
129,/content/drive/MyDrive/Colab Notebooks/Mask-detect/imagens/com-mascara/224.jpg,Com mascara,1
130,/content/drive/MyDrive/Colab Notebooks/Mask-detect/imagens/com-mascara/129.jpg,Com mascara,1
131,/content/drive/MyDrive/Colab Notebooks/Mask-detect/imagens/com-mascara/211.jpg,Com mascara,1
132,/content/drive/MyDrive/Colab Notebooks/Mask-detect/imagens/com-mascara/249.jpg,Com mascara,1
133,/content/drive/MyDrive/Colab Notebooks/Mask-detect/imagens/com-mascara/154.jpg,Com mascara,1
134,/content/drive/MyDrive/Colab Notebooks/Mask-detect/imagens/com-mascara/28.jpg,Com mascara,1
135,/content/drive/MyDrive/Colab Notebooks/Mask-detect/imagens/com-mascara/27.jpg,Com mascara,1
136,/content/drive/MyDrive/Colab Notebooks/Mask-detect/imagens/com-mascara/86.jpg,Com mascara,1
137,/content/drive/MyDrive/Colab Notebooks/Mask-detect/imagens/com-mascara/260.jpeg,Com mascara,1
138,/content/drive/MyDrive/Colab Notebooks/Mask-detect/imagens/com-mascara/127.jpg,Com mascara,1
139,/content/drive/MyDrive/Colab Notebooks/Mask-detect/imagens/com-mascara/15.jpg,Com mascara,1
140,/content/drive/MyDrive/Colab Notebooks/Mask-detect/imagens/com-mascara/22.jpg,Com mascara,1
141,/content/drive/MyDrive/Colab Notebooks/Mask-detect/imagens/com-mascara/162.jpg,Com mascara,1
142,/content/drive/MyDrive/Colab Notebooks/Mask-detect/imagens/com-mascara/203.jpg,Com mascara,1
143,/content/drive/MyDrive/Colab Notebooks/Mask-detect/imagens/com-mascara/46.jpg,Com mascara,1
144,/content/drive/MyDrive/Colab Notebooks/Mask-detect/imagens/com-mascara/109.jpg,Com mascara,1
145,/content/drive/MyDrive/Colab Notebooks/Mask-detect/imagens/com-mascara/53.jpg,Com mascara,1
146,/content/drive/MyDrive/Colab Notebooks/Mask-detect/imagens/com-mascara/243.jpg,Com mascara,1
147,/content/drive/MyDrive/Colab Notebooks/Mask-detect/imagens/com-mascara/31.jpg,Com mascara,1
148,/content/drive/MyDrive/Colab Notebooks/Mask-detect/imagens/com-mascara/79.jpg,Com mascara,1
149,/content/drive/MyDrive/Colab Notebooks/Mask-detect/imagens/com-mascara/181.jpg,Com mascara,1
150,/content/drive/MyDrive/Colab Notebooks/Mask-detect/imagens/com-mascara/3.jpg,Com mascara,1
151,/content/drive/MyDrive/Colab Notebooks/Mask-detect/imagens/com-mascara/82.jpg,Com mascara,1
152,/content/drive/MyDrive/Colab Notebooks/Mask-detect/imagens/com-mascara/64.jpg,Com mascara,1
153,/content/drive/MyDrive/Colab Notebooks/Mask-detect/imagens/com-mascara/253.jpg,Com mascara,1
154,/content/drive/MyDrive/Colab Notebooks/Mask-detect/imagens/com-mascara/105.jpg,Com mascara,1
155,/content/drive/MyDrive/Colab Notebooks/Mask-detect/imagens/com-mascara/68.jpg,Com mascara,1
156,/content/drive/MyDrive/Colab Notebooks/Mask-detect/imagens/com-mascara/159.jpg,Com mascara,1
157,/content/drive/MyDrive/Colab Notebooks/Mask-detect/imagens/com-mascara/270.jpeg,Com mascara,1
158,/content/drive/MyDrive/Colab Notebooks/Mask-detect/imagens/com-mascara/169.jpg,Com mascara,1
159,/content/drive/MyDrive/Colab Notebooks/Mask-detect/imagens/com-mascara/98.jpg,Com mascara,1
160,/content/drive/MyDrive/Colab Notebooks/Mask-detect/imagens/com-mascara/94.jpg,Com mascara,1
161,/content/drive/MyDrive/Colab Notebooks/Mask-detect/imagens/com-mascara/252.jpg,Com mascara,1
162,/content/drive/MyDrive/Colab Notebooks/Mask-detect/imagens/com-mascara/170.jpg,Com mascara,1
163,/content/drive/MyDrive/Colab Notebooks/Mask-detect/imagens/com-mascara/213.jpg,Com mascara,1
164,/content/drive/MyDrive/Colab Notebooks/Mask-detect/imagens/com-mascara/212.jpg,Com mascara,1
165,/content/drive/MyDrive/Colab Notebooks/Mask-detect/imagens/com-mascara/45.jpg,Com mascara,1
166,/content/drive/MyDrive/Colab Notebooks/Mask-detect/imagens/com-mascara/175.jpg,Com mascara,1
167,/content/drive/MyDrive/Colab Notebooks/Mask-detect/imagens/com-mascara/220.jpg,Com mascara,1
168,/content/drive/MyDrive/Colab Notebooks/Mask-detect/imagens/com-mascara/201.jpg,Com mascara,1
169,/content/drive/MyDrive/Colab Notebooks/Mask-detect/imagens/com-mascara/227.jpg,Com mascara,1
170,/content/drive/MyDrive/Colab Notebooks/Mask-detect/imagens/com-mascara/4.jpg,Com mascara,1
171,/content/drive/MyDrive/Colab Notebooks/Mask-detect/imagens/com-mascara/189.jpg,Com mascara,1
172,/content/drive/MyDrive/Colab Notebooks/Mask-detect/imagens/com-mascara/7.jpg,Com mascara,1
173,/content/drive/MyDrive/Colab Notebooks/Mask-detect/imagens/com-mascara/242.jpg,Com mascara,1
174,/content/drive/MyDrive/Colab Notebooks/Mask-detect/imagens/com-mascara/173.jpg,Com mascara,1
175,/content/drive/MyDrive/Colab Notebooks/Mask-detect/imagens/com-mascara/200.jpg,Com mascara,1
176,/content/drive/MyDrive/Colab Notebooks/Mask-detect/imagens/com-mascara/230.jpg,Com mascara,1
177,/content/drive/MyDrive/Colab Notebooks/Mask-detect/imagens/com-mascara/139.jpg,Com mascara,1
178,/content/drive/MyDrive/Colab Notebooks/Mask-detect/imagens/com-mascara/103.jpg,Com mascara,1
179,/content/drive/MyDrive/Colab Notebooks/Mask-detect/imagens/com-mascara/241.jpg,Com mascara,1
180,/content/drive/MyDrive/Colab Notebooks/Mask-detect/imagens/com-mascara/210.jpg,Com mascara,1
181,/content/drive/MyDrive/Colab Notebooks/Mask-detect/imagens/com-mascara/149.jpg,Com mascara,1
182,/content/drive/MyDrive/Colab Notebooks/Mask-detect/imagens/com-mascara/180.jpg,Com mascara,1
183,/content/drive/MyDrive/Colab Notebooks/Mask-detect/imagens/com-mascara/151.jpg,Com mascara,1
184,/content/drive/MyDrive/Colab Notebooks/Mask-detect/imagens/com-mascara/244.jpg,Com mascara,1
185,/content/drive/MyDrive/Colab Notebooks/Mask-detect/imagens/com-mascara/247.jpg,Com mascara,1
186,/content/drive/MyDrive/Colab Notebooks/Mask-detect/imagens/com-mascara/91.jpg,Com mascara,1
187,/content/drive/MyDrive/Colab Notebooks/Mask-detect/imagens/com-mascara/37.jpg,Com mascara,1
188,/content/drive/MyDrive/Colab Notebooks/Mask-detect/imagens/com-mascara/116.jpg,Com mascara,1
189,/content/drive/MyDrive/Colab Notebooks/Mask-detect/imagens/com-mascara/40.jpg,Com mascara,1
190,/content/drive/MyDrive/Colab Notebooks/Mask-detect/imagens/com-mascara/152.jpg,Com mascara,1
191,/content/drive/MyDrive/Colab Notebooks/Mask-detect/imagens/com-mascara/143.jpg,Com mascara,1
192,/content/drive/MyDrive/Colab Notebooks/Mask-detect/imagens/com-mascara/264.jpeg,Com mascara,1
193,/content/drive/MyDrive/Colab Notebooks/Mask-detect/imagens/com-mascara/217.jpg,Com mascara,1
194,/content/drive/MyDrive/Colab Notebooks/Mask-detect/imagens/com-mascara/112.jpg,Com mascara,1
195,/content/drive/MyDrive/Colab Notebooks/Mask-detect/imagens/com-mascara/19.jpg,Com mascara,1
196,/content/drive/MyDrive/Colab Notebooks/Mask-detect/imagens/com-mascara/268.jpeg,Com mascara,1
197,/content/drive/MyDrive/Colab Notebooks/Mask-detect/imagens/com-mascara/259.jpeg,Com mascara,1
198,/content/drive/MyDrive/Colab Notebooks/Mask-detect/imagens/com-mascara/89.jpg,Com mascara,1
199,/content/drive/MyDrive/Colab Notebooks/Mask-detect/imagens/com-mascara/160.jpg,Com mascara,1
200,/content/drive/MyDrive/Colab Notebooks/Mask-detect/imagens/com-mascara/218.jpg,Com mascara,1
201,/content/drive/MyDrive/Colab Notebooks/Mask-detect/imagens/com-mascara/206.jpg,Com mascara,1
202,/content/drive/MyDrive/Colab Notebooks/Mask-detect/imagens/com-mascara/155.jpg,Com mascara,1
203,/content/drive/MyDrive/Colab Notebooks/Mask-detect/imagens/com-mascara/141.jpg,Com mascara,1
204,/content/drive/MyDrive/Colab Notebooks/Mask-detect/imagens/com-mascara/209.jpg,Com mascara,1
205,/content/drive/MyDrive/Colab Notebooks/Mask-detect/imagens/com-mascara/183.jpg,Com mascara,1
206,/content/drive/MyDrive/Colab Notebooks/Mask-detect/imagens/com-mascara/69.jpg,Com mascara,1
207,/content/drive/MyDrive/Colab Notebooks/Mask-detect/imagens/com-mascara/195.jpg,Com mascara,1
208,/content/drive/MyDrive/Colab Notebooks/Mask-detect/imagens/com-mascara/214.jpg,Com mascara,1
209,/content/drive/MyDrive/Colab Notebooks/Mask-detect/imagens/com-mascara/78.jpg,Com mascara,1
210,/content/drive/MyDrive/Colab Notebooks/Mask-detect/imagens/com-mascara/158.jpg,Com mascara,1
211,/content/drive/MyDrive/Colab Notebooks/Mask-detect/imagens/com-mascara/140.jpg,Com mascara,1
212,/content/drive/MyDrive/Colab Notebooks/Mask-detect/imagens/com-mascara/166.jpg,Com mascara,1
213,/content/drive/MyDrive/Colab Notebooks/Mask-detect/imagens/com-mascara/10.jpg,Com mascara,1
214,/content/drive/MyDrive/Colab Notebooks/Mask-detect/imagens/com-mascara/104.jpg,Com mascara,1
215,/content/drive/MyDrive/Colab Notebooks/Mask-detect/imagens/com-mascara/156.jpg,Com mascara,1
216,/content/drive/MyDrive/Colab Notebooks/Mask-detect/imagens/com-mascara/123.jpg,Com mascara,1
217,/content/drive/MyDrive/Colab Notebooks/Mask-detect/imagens/com-mascara/142.jpg,Com mascara,1
218,/content/drive/MyDrive/Colab Notebooks/Mask-detect/imagens/com-mascara/21.jpg,Com mascara,1
219,/content/drive/MyDrive/Colab Notebooks/Mask-detect/imagens/com-mascara/124.jpg,Com mascara,1
220,/content/drive/MyDrive/Colab Notebooks/Mask-detect/imagens/com-mascara/207.jpg,Com mascara,1
221,/content/drive/MyDrive/Colab Notebooks/Mask-detect/imagens/com-mascara/110.jpg,Com mascara,1
222,/content/drive/MyDrive/Colab Notebooks/Mask-detect/imagens/com-mascara/80.jpg,Com mascara,1
223,/content/drive/MyDrive/Colab Notebooks/Mask-detect/imagens/com-mascara/262.jpeg,Com mascara,1
224,/content/drive/MyDrive/Colab Notebooks/Mask-detect/imagens/com-mascara/221.jpg,Com mascara,1
225,/content/drive/MyDrive/Colab Notebooks/Mask-detect/imagens/com-mascara/199.jpg,Com mascara,1
226,/content/drive/MyDrive/Colab Notebooks/Mask-detect/imagens/com-mascara/216.jpg,Com mascara,1
227,/content/drive/MyDrive/Colab Notebooks/Mask-detect/imagens/com-mascara/188.jpg,Com mascara,1
228,/content/drive/MyDrive/Colab Notebooks/Mask-detect/imagens/com-mascara/239.jpg,Com mascara,1
229,/content/drive/MyDrive/Colab Notebooks/Mask-detect/imagens/com-mascara/228.jpg,Com mascara,1
230,/content/drive/MyDrive/Colab Notebooks/Mask-detect/imagens/com-mascara/52.jpg,Com mascara,1
231,/content/drive/MyDrive/Colab Notebooks/Mask-detect/imagens/com-mascara/55.jpg,Com mascara,1
232,/content/drive/MyDrive/Colab Notebooks/Mask-detect/imagens/com-mascara/229.jpg,Com mascara,1
233,/content/drive/MyDrive/Colab Notebooks/Mask-detect/imagens/com-mascara/145.jpg,Com mascara,1
234,/content/drive/MyDrive/Colab Notebooks/Mask-detect/imagens/com-mascara/250.jpg,Com mascara,1
235,/content/drive/MyDrive/Colab Notebooks/Mask-detect/imagens/com-mascara/131.jpg,Com mascara,1
236,/content/drive/MyDrive/Colab Notebooks/Mask-detect/imagens/com-mascara/74.jpg,Com mascara,1
237,/content/drive/MyDrive/Colab Notebooks/Mask-detect/imagens/com-mascara/202.jpg,Com mascara,1
238,/content/drive/MyDrive/Colab Notebooks/Mask-detect/imagens/com-mascara/196.jpg,Com mascara,1
239,/content/drive/MyDrive/Colab Notebooks/Mask-detect/imagens/com-mascara/92.jpg,Com mascara,1
240,/content/drive/MyDrive/Colab Notebooks/Mask-detect/imagens/com-mascara/226.jpg,Com mascara,1
241,/content/drive/MyDrive/Colab Notebooks/Mask-detect/imagens/com-mascara/215.jpg,Com mascara,1
242,/content/drive/MyDrive/Colab Notebooks/Mask-detect/imagens/com-mascara/187.jpg,Com mascara,1
243,/content/drive/MyDrive/Colab Notebooks/Mask-detect/imagens/com-mascara/121.jpg,Com mascara,1
244,/content/drive/MyDrive/Colab Notebooks/Mask-detect/imagens/com-mascara/54.jpg,Com mascara,1
245,/content/drive/MyDrive/Colab Notebooks/Mask-detect/imagens/com-mascara/148.jpg,Com mascara,1
246,/content/drive/MyDrive/Colab Notebooks/Mask-detect/imagens/com-mascara/100.jpg,Com mascara,1
247,/content/drive/MyDrive/Colab Notebooks/Mask-detect/imagens/com-mascara/11.jpg,Com mascara,1
248,/content/drive/MyDrive/Colab Notebooks/Mask-detect/imagens/com-mascara/60.jpg,Com mascara,1
249,/content/drive/MyDrive/Colab Notebooks/Mask-detect/imagens/com-mascara/85.jpg,Com mascara,1
250,/content/drive/MyDrive/Colab Notebooks/Mask-detect/imagens/com-mascara/157.jpg,Com mascara,1
251,/content/drive/MyDrive/Colab Notebooks/Mask-detect/imagens/com-mascara/178.jpg,Com mascara,1
252,/content/drive/MyDrive/Colab Notebooks/Mask-detect/imagens/com-mascara/193.jpg,Com mascara,1
253,/content/drive/MyDrive/Colab Notebooks/Mask-detect/imagens/com-mascara/83.jpg,Com mascara,1
254,/content/drive/MyDrive/Colab Notebooks/Mask-detect/imagens/com-mascara/75.jpg,Com mascara,1
255,/content/drive/MyDrive/Colab Notebooks/Mask-detect/imagens/com-mascara/32.jpg,Com mascara,1
256,/content/drive/MyDrive/Colab Notebooks/Mask-detect/imagens/com-mascara/185.jpg,Com mascara,1
257,/content/drive/MyDrive/Colab Notebooks/Mask-detect/imagens/com-mascara/63.jpg,Com mascara,1
258,/content/drive/MyDrive/Colab Notebooks/Mask-detect/imagens/com-mascara/192.jpg,Com mascara,1
259,/content/drive/MyDrive/Colab Notebooks/Mask-detect/imagens/com-mascara/99.jpg,Com mascara,1
260,/content/drive/MyDrive/Colab Notebooks/Mask-detect/imagens/com-mascara/161.jpg,Com mascara,1
261,/content/drive/MyDrive/Colab Notebooks/Mask-detect/imagens/com-mascara/237.jpg,Com mascara,1
262,/content/drive/MyDrive/Colab Notebooks/Mask-detect/imagens/com-mascara/179.jpg,Com mascara,1
263,/content/drive/MyDrive/Colab Notebooks/Mask-detect/imagens/com-mascara/57.jpg,Com mascara,1
264,/content/drive/MyDrive/Colab Notebooks/Mask-detect/imagens/com-mascara/101.jpg,Com mascara,1
265,/content/drive/MyDrive/Colab Notebooks/Mask-detect/imagens/com-mascara/38.jpg,Com mascara,1
266,/content/drive/MyDrive/Colab Notebooks/Mask-detect/imagens/com-mascara/132.jpg,Com mascara,1
267,/content/drive/MyDrive/Colab Notebooks/Mask-detect/imagens/com-mascara/177.jpg,Com mascara,1
268,/content/drive/MyDrive/Colab Notebooks/Mask-detect/imagens/com-mascara/146.jpg,Com mascara,1
269,/content/drive/MyDrive/Colab Notebooks/Mask-detect/imagens/com-mascara/163.jpg,Com mascara,1
270,/content/drive/MyDrive/Colab Notebooks/Mask-detect/imagens/com-mascara/261.jpeg,Com mascara,1
271,/content/drive/MyDrive/Colab Notebooks/Mask-detect/imagens/com-mascara/97.jpg,Com mascara,1
272,/content/drive/MyDrive/Colab Notebooks/Mask-detect/imagens/com-mascara/102.jpg,Com mascara,1
273,/content/drive/MyDrive/Colab Notebooks/Mask-detect/imagens/sem-mascara/326.jpg,Sem mascara,0
274,/content/drive/MyDrive/Colab Notebooks/Mask-detect/imagens/sem-mascara/18.jpg,Sem mascara,0
275,/content/drive/MyDrive/Colab Notebooks/Mask-detect/imagens/sem-mascara/234.jpg,Sem mascara,0
276,/content/drive/MyDrive/Colab Notebooks/Mask-detect/imagens/sem-mascara/218.jpg,Sem mascara,0
277,/content/drive/MyDrive/Colab Notebooks/Mask-detect/imagens/sem-mascara/188.jpg,Sem mascara,0
278,/content/drive/MyDrive/Colab Notebooks/Mask-detect/imagens/sem-mascara/249.jpg,Sem mascara,0
279,/content/drive/MyDrive/Colab Notebooks/Mask-detect/imagens/sem-mascara/225.jpg,Sem mascara,0
280,/content/drive/MyDrive/Colab Notebooks/Mask-detect/imagens/sem-mascara/344.jpg,Sem mascara,0
281,/content/drive/MyDrive/Colab Notebooks/Mask-detect/imagens/sem-mascara/190.jpg,Sem mascara,0
282,/content/drive/MyDrive/Colab Notebooks/Mask-detect/imagens/sem-mascara/120.jpg,Sem mascara,0
283,/content/drive/MyDrive/Colab Notebooks/Mask-detect/imagens/sem-mascara/157.jpg,Sem mascara,0
284,/content/drive/MyDrive/Colab Notebooks/Mask-detect/imagens/sem-mascara/284.jpg,Sem mascara,0
285,/content/drive/MyDrive/Colab Notebooks/Mask-detect/imagens/sem-mascara/367.jpg,Sem mascara,0
286,/content/drive/MyDrive/Colab Notebooks/Mask-detect/imagens/sem-mascara/287.jpg,Sem mascara,0
287,/content/drive/MyDrive/Colab Notebooks/Mask-detect/imagens/sem-mascara/346.jpg,Sem mascara,0
288,/content/drive/MyDrive/Colab Notebooks/Mask-detect/imagens/sem-mascara/186.jpg,Sem mascara,0
289,/content/drive/MyDrive/Colab Notebooks/Mask-detect/imagens/sem-mascara/399.jpg,Sem mascara,0
290,/content/drive/MyDrive/Colab Notebooks/Mask-detect/imagens/sem-mascara/105.jpg,Sem mascara,0
291,/content/drive/MyDrive/Colab Notebooks/Mask-detect/imagens/sem-mascara/170.jpg,Sem mascara,0
292,/content/drive/MyDrive/Colab Notebooks/Mask-detect/imagens/sem-mascara/119.jpg,Sem mascara,0
293,/content/drive/MyDrive/Colab Notebooks/Mask-detect/imagens/sem-mascara/288.jpg,Sem mascara,0
294,/content/drive/MyDrive/Colab Notebooks/Mask-detect/imagens/sem-mascara/389.jpg,Sem mascara,0
295,/content/drive/MyDrive/Colab Notebooks/Mask-detect/imagens/sem-mascara/28.jpg,Sem mascara,0
296,/content/drive/MyDrive/Colab Notebooks/Mask-detect/imagens/sem-mascara/356.jpg,Sem mascara,0
297,/content/drive/MyDrive/Colab Notebooks/Mask-detect/imagens/sem-mascara/379.jpg,Sem mascara,0
298,/content/drive/MyDrive/Colab Notebooks/Mask-detect/imagens/sem-mascara/108.jpg,Sem mascara,0
299,/content/drive/MyDrive/Colab Notebooks/Mask-detect/imagens/sem-mascara/217.jpg,Sem mascara,0
300,/content/drive/MyDrive/Colab Notebooks/Mask-detect/imagens/sem-mascara/338.jpg,Sem mascara,0
301,/content/drive/MyDrive/Colab Notebooks/Mask-detect/imagens/sem-mascara/308.jpg,Sem mascara,0
302,/content/drive/MyDrive/Colab Notebooks/Mask-detect/imagens/sem-mascara/246.jpg,Sem mascara,0
303,/content/drive/MyDrive/Colab Notebooks/Mask-detect/imagens/sem-mascara/155.jpg,Sem mascara,0
304,/content/drive/MyDrive/Colab Notebooks/Mask-detect/imagens/sem-mascara/195.jpg,Sem mascara,0
305,/content/drive/MyDrive/Colab Notebooks/Mask-detect/imagens/sem-mascara/269.jpg,Sem mascara,0
306,/content/drive/MyDrive/Colab Notebooks/Mask-detect/imagens/sem-mascara/319.jpg,Sem mascara,0
307,/content/drive/MyDrive/Colab Notebooks/Mask-detect/imagens/sem-mascara/110.jpg,Sem mascara,0
308,/content/drive/MyDrive/Colab Notebooks/Mask-detect/imagens/sem-mascara/35.jpg,Sem mascara,0
309,/content/drive/MyDrive/Colab Notebooks/Mask-detect/imagens/sem-mascara/417.jpg,Sem mascara,0
310,/content/drive/MyDrive/Colab Notebooks/Mask-detect/imagens/sem-mascara/112.jpg,Sem mascara,0
311,/content/drive/MyDrive/Colab Notebooks/Mask-detect/imagens/sem-mascara/181.jpg,Sem mascara,0
312,/content/drive/MyDrive/Colab Notebooks/Mask-detect/imagens/sem-mascara/272.jpg,Sem mascara,0
313,/content/drive/MyDrive/Colab Notebooks/Mask-detect/imagens/sem-mascara/244.jpg,Sem mascara,0
314,/content/drive/MyDrive/Colab Notebooks/Mask-detect/imagens/sem-mascara/419.jpg,Sem mascara,0
315,/content/drive/MyDrive/Colab Notebooks/Mask-detect/imagens/sem-mascara/275.jpg,Sem mascara,0
316,/content/drive/MyDrive/Colab Notebooks/Mask-detect/imagens/sem-mascara/323.jpg,Sem mascara,0
317,/content/drive/MyDrive/Colab Notebooks/Mask-detect/imagens/sem-mascara/348.jpg,Sem mascara,0
318,/content/drive/MyDrive/Colab Notebooks/Mask-detect/imagens/sem-mascara/352.jpg,Sem mascara,0
319,/content/drive/MyDrive/Colab Notebooks/Mask-detect/imagens/sem-mascara/277.jpg,Sem mascara,0
320,/content/drive/MyDrive/Colab Notebooks/Mask-detect/imagens/sem-mascara/111.jpg,Sem mascara,0
321,/content/drive/MyDrive/Colab Notebooks/Mask-detect/imagens/sem-mascara/233.jpg,Sem mascara,0
322,/content/drive/MyDrive/Colab Notebooks/Mask-detect/imagens/sem-mascara/257.jpg,Sem mascara,0
323,/content/drive/MyDrive/Colab Notebooks/Mask-detect/imagens/sem-mascara/358.jpg,Sem mascara,0
324,/content/drive/MyDrive/Colab Notebooks/Mask-detect/imagens/sem-mascara/235.jpg,Sem mascara,0
325,/content/drive/MyDrive/Colab Notebooks/Mask-detect/imagens/sem-mascara/162.jpg,Sem mascara,0
326,/content/drive/MyDrive/Colab Notebooks/Mask-detect/imagens/sem-mascara/418.jpg,Sem mascara,0
327,/content/drive/MyDrive/Colab Notebooks/Mask-detect/imagens/sem-mascara/410.jpg,Sem mascara,0
328,/content/drive/MyDrive/Colab Notebooks/Mask-detect/imagens/sem-mascara/178.jpg,Sem mascara,0
329,/content/drive/MyDrive/Colab Notebooks/Mask-detect/imagens/sem-mascara/281.jpg,Sem mascara,0
330,/content/drive/MyDrive/Colab Notebooks/Mask-detect/imagens/sem-mascara/151.jpg,Sem mascara,0
331,/content/drive/MyDrive/Colab Notebooks/Mask-detect/imagens/sem-mascara/380.jpg,Sem mascara,0
332,/content/drive/MyDrive/Colab Notebooks/Mask-detect/imagens/sem-mascara/398.jpg,Sem mascara,0
333,/content/drive/MyDrive/Colab Notebooks/Mask-detect/imagens/sem-mascara/320.jpg,Sem mascara,0
334,/content/drive/MyDrive/Colab Notebooks/Mask-detect/imagens/sem-mascara/198.jpg,Sem mascara,0
335,/content/drive/MyDrive/Colab Notebooks/Mask-detect/imagens/sem-mascara/373.jpg,Sem mascara,0
336,/content/drive/MyDrive/Colab Notebooks/Mask-detect/imagens/sem-mascara/223.jpg,Sem mascara,0
337,/content/drive/MyDrive/Colab Notebooks/Mask-detect/imagens/sem-mascara/216.jpg,Sem mascara,0
338,/content/drive/MyDrive/Colab Notebooks/Mask-detect/imagens/sem-mascara/191.jpg,Sem mascara,0
339,/content/drive/MyDrive/Colab Notebooks/Mask-detect/imagens/sem-mascara/154.jpg,Sem mascara,0
340,/content/drive/MyDrive/Colab Notebooks/Mask-detect/imagens/sem-mascara/264.jpg,Sem mascara,0
341,/content/drive/MyDrive/Colab Notebooks/Mask-detect/imagens/sem-mascara/397.jpg,Sem mascara,0
342,/content/drive/MyDrive/Colab Notebooks/Mask-detect/imagens/sem-mascara/199.jpg,Sem mascara,0
343,/content/drive/MyDrive/Colab Notebooks/Mask-detect/imagens/sem-mascara/412.jpg,Sem mascara,0
344,/content/drive/MyDrive/Colab Notebooks/Mask-detect/imagens/sem-mascara/271.jpg,Sem mascara,0
345,/content/drive/MyDrive/Colab Notebooks/Mask-detect/imagens/sem-mascara/115.jpg,Sem mascara,0
346,/content/drive/MyDrive/Colab Notebooks/Mask-detect/imagens/sem-mascara/25.jpg,Sem mascara,0
347,/content/drive/MyDrive/Colab Notebooks/Mask-detect/imagens/sem-mascara/152.jpg,Sem mascara,0
348,/content/drive/MyDrive/Colab Notebooks/Mask-detect/imagens/sem-mascara/145.jpg,Sem mascara,0
349,/content/drive/MyDrive/Colab Notebooks/Mask-detect/imagens/sem-mascara/10.jpg,Sem mascara,0
350,/content/drive/MyDrive/Colab Notebooks/Mask-detect/imagens/sem-mascara/12.jpg,Sem mascara,0
351,/content/drive/MyDrive/Colab Notebooks/Mask-detect/imagens/sem-mascara/236.jpg,Sem mascara,0
352,/content/drive/MyDrive/Colab Notebooks/Mask-detect/imagens/sem-mascara/241.jpg,Sem mascara,0
353,/content/drive/MyDrive/Colab Notebooks/Mask-detect/imagens/sem-mascara/327.jpg,Sem mascara,0
354,/content/drive/MyDrive/Colab Notebooks/Mask-detect/imagens/sem-mascara/182.jpg,Sem mascara,0
355,/content/drive/MyDrive/Colab Notebooks/Mask-detect/imagens/sem-mascara/350.jpg,Sem mascara,0
356,/content/drive/MyDrive/Colab Notebooks/Mask-detect/imagens/sem-mascara/253.jpg,Sem mascara,0
357,/content/drive/MyDrive/Colab Notebooks/Mask-detect/imagens/sem-mascara/33.jpg,Sem mascara,0
358,/content/drive/MyDrive/Colab Notebooks/Mask-detect/imagens/sem-mascara/276.jpg,Sem mascara,0
359,/content/drive/MyDrive/Colab Notebooks/Mask-detect/imagens/sem-mascara/130.jpg,Sem mascara,0
360,/content/drive/MyDrive/Colab Notebooks/Mask-detect/imagens/sem-mascara/208.jpg,Sem mascara,0
361,/content/drive/MyDrive/Colab Notebooks/Mask-detect/imagens/sem-mascara/283.jpg,Sem mascara,0
362,/content/drive/MyDrive/Colab Notebooks/Mask-detect/imagens/sem-mascara/404.jpg,Sem mascara,0
363,/content/drive/MyDrive/Colab Notebooks/Mask-detect/imagens/sem-mascara/102.jpg,Sem mascara,0
364,/content/drive/MyDrive/Colab Notebooks/Mask-detect/imagens/sem-mascara/331.jpg,Sem mascara,0
365,/content/drive/MyDrive/Colab Notebooks/Mask-detect/imagens/sem-mascara/161.jpg,Sem mascara,0
366,/content/drive/MyDrive/Colab Notebooks/Mask-detect/imagens/sem-mascara/345.jpg,Sem mascara,0
367,/content/drive/MyDrive/Colab Notebooks/Mask-detect/imagens/sem-mascara/116.jpg,Sem mascara,0
368,/content/drive/MyDrive/Colab Notebooks/Mask-detect/imagens/sem-mascara/318.jpg,Sem mascara,0
369,/content/drive/MyDrive/Colab Notebooks/Mask-detect/imagens/sem-mascara/138.jpg,Sem mascara,0
370,/content/drive/MyDrive/Colab Notebooks/Mask-detect/imagens/sem-mascara/129.jpg,Sem mascara,0
371,/content/drive/MyDrive/Colab Notebooks/Mask-detect/imagens/sem-mascara/296.jpg,Sem mascara,0
372,/content/drive/MyDrive/Colab Notebooks/Mask-detect/imagens/sem-mascara/378.jpg,Sem mascara,0
373,/content/drive/MyDrive/Colab Notebooks/Mask-detect/imagens/sem-mascara/413.jpg,Sem mascara,0
374,/content/drive/MyDrive/Colab Notebooks/Mask-detect/imagens/sem-mascara/286.jpg,Sem mascara,0
375,/content/drive/MyDrive/Colab Notebooks/Mask-detect/imagens/sem-mascara/2.jpg,Sem mascara,0
376,/content/drive/MyDrive/Colab Notebooks/Mask-detect/imagens/sem-mascara/309.jpg,Sem mascara,0
377,/content/drive/MyDrive/Colab Notebooks/Mask-detect/imagens/sem-mascara/171.jpg,Sem mascara,0
378,/content/drive/MyDrive/Colab Notebooks/Mask-detect/imagens/sem-mascara/245.jpg,Sem mascara,0
379,/content/drive/MyDrive/Colab Notebooks/Mask-detect/imagens/sem-mascara/388.jpg,Sem mascara,0
380,/content/drive/MyDrive/Colab Notebooks/Mask-detect/imagens/sem-mascara/370.jpg,Sem mascara,0
381,/content/drive/MyDrive/Colab Notebooks/Mask-detect/imagens/sem-mascara/114.jpg,Sem mascara,0
382,/content/drive/MyDrive/Colab Notebooks/Mask-detect/imagens/sem-mascara/248.jpg,Sem mascara,0
383,/content/drive/MyDrive/Colab Notebooks/Mask-detect/imagens/sem-mascara/369.jpg,Sem mascara,0
384,/content/drive/MyDrive/Colab Notebooks/Mask-detect/imagens/sem-mascara/285.jpg,Sem mascara,0
385,/content/drive/MyDrive/Colab Notebooks/Mask-detect/imagens/sem-mascara/136.jpg,Sem mascara,0
386,/content/drive/MyDrive/Colab Notebooks/Mask-detect/imagens/sem-mascara/30.jpg,Sem mascara,0
387,/content/drive/MyDrive/Colab Notebooks/Mask-detect/imagens/sem-mascara/128.jpg,Sem mascara,0
388,/content/drive/MyDrive/Colab Notebooks/Mask-detect/imagens/sem-mascara/299.jpg,Sem mascara,0
389,/content/drive/MyDrive/Colab Notebooks/Mask-detect/imagens/sem-mascara/104.jpg,Sem mascara,0
390,/content/drive/MyDrive/Colab Notebooks/Mask-detect/imagens/sem-mascara/333.jpg,Sem mascara,0
391,/content/drive/MyDrive/Colab Notebooks/Mask-detect/imagens/sem-mascara/187.jpg,Sem mascara,0
392,/content/drive/MyDrive/Colab Notebooks/Mask-detect/imagens/sem-mascara/414.jpg,Sem mascara,0
393,/content/drive/MyDrive/Colab Notebooks/Mask-detect/imagens/sem-mascara/403.jpg,Sem mascara,0
394,/content/drive/MyDrive/Colab Notebooks/Mask-detect/imagens/sem-mascara/363.jpg,Sem mascara,0
395,/content/drive/MyDrive/Colab Notebooks/Mask-detect/imagens/sem-mascara/1.jpg,Sem mascara,0
396,/content/drive/MyDrive/Colab Notebooks/Mask-detect/imagens/sem-mascara/311.jpg,Sem mascara,0
397,/content/drive/MyDrive/Colab Notebooks/Mask-detect/imagens/sem-mascara/126.jpg,Sem mascara,0
398,/content/drive/MyDrive/Colab Notebooks/Mask-detect/imagens/sem-mascara/258.jpg,Sem mascara,0
399,/content/drive/MyDrive/Colab Notebooks/Mask-detect/imagens/sem-mascara/304.jpg,Sem mascara,0
400,/content/drive/MyDrive/Colab Notebooks/Mask-detect/imagens/sem-mascara/140.jpg,Sem mascara,0
401,/content/drive/MyDrive/Colab Notebooks/Mask-detect/imagens/sem-mascara/400.jpg,Sem mascara,0
402,/content/drive/MyDrive/Colab Notebooks/Mask-detect/imagens/sem-mascara/387.jpg,Sem mascara,0
403,/content/drive/MyDrive/Colab Notebooks/Mask-detect/imagens/sem-mascara/372.jpg,Sem mascara,0
404,/content/drive/MyDrive/Colab Notebooks/Mask-detect/imagens/sem-mascara/173.jpg,Sem mascara,0
405,/content/drive/MyDrive/Colab Notebooks/Mask-detect/imagens/sem-mascara/139.jpg,Sem mascara,0
406,/content/drive/MyDrive/Colab Notebooks/Mask-detect/imagens/sem-mascara/203.jpg,Sem mascara,0
407,/content/drive/MyDrive/Colab Notebooks/Mask-detect/imagens/sem-mascara/16.jpg,Sem mascara,0
408,/content/drive/MyDrive/Colab Notebooks/Mask-detect/imagens/sem-mascara/166.jpg,Sem mascara,0
409,/content/drive/MyDrive/Colab Notebooks/Mask-detect/imagens/sem-mascara/268.jpg,Sem mascara,0
410,/content/drive/MyDrive/Colab Notebooks/Mask-detect/imagens/sem-mascara/125.jpg,Sem mascara,0
411,/content/drive/MyDrive/Colab Notebooks/Mask-detect/imagens/sem-mascara/230.jpg,Sem mascara,0
412,/content/drive/MyDrive/Colab Notebooks/Mask-detect/imagens/sem-mascara/390.jpg,Sem mascara,0
413,/content/drive/MyDrive/Colab Notebooks/Mask-detect/imagens/sem-mascara/185.jpg,Sem mascara,0
414,/content/drive/MyDrive/Colab Notebooks/Mask-detect/imagens/sem-mascara/394.jpg,Sem mascara,0
415,/content/drive/MyDrive/Colab Notebooks/Mask-detect/imagens/sem-mascara/148.jpg,Sem mascara,0
416,/content/drive/MyDrive/Colab Notebooks/Mask-detect/imagens/sem-mascara/184.jpg,Sem mascara,0
417,/content/drive/MyDrive/Colab Notebooks/Mask-detect/imagens/sem-mascara/365.jpg,Sem mascara,0
418,/content/drive/MyDrive/Colab Notebooks/Mask-detect/imagens/sem-mascara/293.jpg,Sem mascara,0
419,/content/drive/MyDrive/Colab Notebooks/Mask-detect/imagens/sem-mascara/201.jpg,Sem mascara,0
420,/content/drive/MyDrive/Colab Notebooks/Mask-detect/imagens/sem-mascara/402.jpg,Sem mascara,0
421,/content/drive/MyDrive/Colab Notebooks/Mask-detect/imagens/sem-mascara/21.jpg,Sem mascara,0
422,/content/drive/MyDrive/Colab Notebooks/Mask-detect/imagens/sem-mascara/237.jpg,Sem mascara,0
423,/content/drive/MyDrive/Colab Notebooks/Mask-detect/imagens/sem-mascara/144.jpg,Sem mascara,0
424,/content/drive/MyDrive/Colab Notebooks/Mask-detect/imagens/sem-mascara/3.jpg,Sem mascara,0
425,/content/drive/MyDrive/Colab Notebooks/Mask-detect/imagens/sem-mascara/263.jpg,Sem mascara,0
426,/content/drive/MyDrive/Colab Notebooks/Mask-detect/imagens/sem-mascara/121.jpg,Sem mascara,0
427,/content/drive/MyDrive/Colab Notebooks/Mask-detect/imagens/sem-mascara/174.jpg,Sem mascara,0
428,/content/drive/MyDrive/Colab Notebooks/Mask-detect/imagens/sem-mascara/240.jpg,Sem mascara,0
429,/content/drive/MyDrive/Colab Notebooks/Mask-detect/imagens/sem-mascara/232.jpg,Sem mascara,0
430,/content/drive/MyDrive/Colab Notebooks/Mask-detect/imagens/sem-mascara/401.jpg,Sem mascara,0
431,/content/drive/MyDrive/Colab Notebooks/Mask-detect/imagens/sem-mascara/375.jpg,Sem mascara,0
432,/content/drive/MyDrive/Colab Notebooks/Mask-detect/imagens/sem-mascara/279.jpg,Sem mascara,0
433,/content/drive/MyDrive/Colab Notebooks/Mask-detect/imagens/sem-mascara/194.jpg,Sem mascara,0
434,/content/drive/MyDrive/Colab Notebooks/Mask-detect/imagens/sem-mascara/107.jpg,Sem mascara,0
435,/content/drive/MyDrive/Colab Notebooks/Mask-detect/imagens/sem-mascara/37.jpg,Sem mascara,0
436,/content/drive/MyDrive/Colab Notebooks/Mask-detect/imagens/sem-mascara/391.jpg,Sem mascara,0
437,/content/drive/MyDrive/Colab Notebooks/Mask-detect/imagens/sem-mascara/247.jpg,Sem mascara,0
438,/content/drive/MyDrive/Colab Notebooks/Mask-detect/imagens/sem-mascara/34.jpg,Sem mascara,0
439,/content/drive/MyDrive/Colab Notebooks/Mask-detect/imagens/sem-mascara/339.jpg,Sem mascara,0
440,/content/drive/MyDrive/Colab Notebooks/Mask-detect/imagens/sem-mascara/204.jpg,Sem mascara,0
441,/content/drive/MyDrive/Colab Notebooks/Mask-detect/imagens/sem-mascara/227.jpg,Sem mascara,0
442,/content/drive/MyDrive/Colab Notebooks/Mask-detect/imagens/sem-mascara/189.jpg,Sem mascara,0
443,/content/drive/MyDrive/Colab Notebooks/Mask-detect/imagens/sem-mascara/39.jpg,Sem mascara,0
444,/content/drive/MyDrive/Colab Notebooks/Mask-detect/imagens/sem-mascara/377.jpg,Sem mascara,0
445,/content/drive/MyDrive/Colab Notebooks/Mask-detect/imagens/sem-mascara/165.jpg,Sem mascara,0
446,/content/drive/MyDrive/Colab Notebooks/Mask-detect/imagens/sem-mascara/137.jpg,Sem mascara,0
447,/content/drive/MyDrive/Colab Notebooks/Mask-detect/imagens/sem-mascara/386.jpg,Sem mascara,0
448,/content/drive/MyDrive/Colab Notebooks/Mask-detect/imagens/sem-mascara/207.jpg,Sem mascara,0
449,/content/drive/MyDrive/Colab Notebooks/Mask-detect/imagens/sem-mascara/163.jpg,Sem mascara,0
450,/content/drive/MyDrive/Colab Notebooks/Mask-detect/imagens/sem-mascara/22.jpg,Sem mascara,0
451,/content/drive/MyDrive/Colab Notebooks/Mask-detect/imagens/sem-mascara/384.jpg,Sem mascara,0
452,/content/drive/MyDrive/Colab Notebooks/Mask-detect/imagens/sem-mascara/362.jpg,Sem mascara,0
453,/content/drive/MyDrive/Colab Notebooks/Mask-detect/imagens/sem-mascara/193.jpg,Sem mascara,0
454,/content/drive/MyDrive/Colab Notebooks/Mask-detect/imagens/sem-mascara/27.jpg,Sem mascara,0
455,/content/drive/MyDrive/Colab Notebooks/Mask-detect/imagens/sem-mascara/256.jpg,Sem mascara,0
456,/content/drive/MyDrive/Colab Notebooks/Mask-detect/imagens/sem-mascara/168.jpg,Sem mascara,0
457,/content/drive/MyDrive/Colab Notebooks/Mask-detect/imagens/sem-mascara/265.jpg,Sem mascara,0
458,/content/drive/MyDrive/Colab Notebooks/Mask-detect/imagens/sem-mascara/213.jpg,Sem mascara,0
459,/content/drive/MyDrive/Colab Notebooks/Mask-detect/imagens/sem-mascara/122.jpg,Sem mascara,0
460,/content/drive/MyDrive/Colab Notebooks/Mask-detect/imagens/sem-mascara/149.jpg,Sem mascara,0
461,/content/drive/MyDrive/Colab Notebooks/Mask-detect/imagens/sem-mascara/14.jpg,Sem mascara,0
462,/content/drive/MyDrive/Colab Notebooks/Mask-detect/imagens/sem-mascara/307.jpg,Sem mascara,0
463,/content/drive/MyDrive/Colab Notebooks/Mask-detect/imagens/sem-mascara/273.jpg,Sem mascara,0
464,/content/drive/MyDrive/Colab Notebooks/Mask-detect/imagens/sem-mascara/262.jpg,Sem mascara,0
465,/content/drive/MyDrive/Colab Notebooks/Mask-detect/imagens/sem-mascara/221.jpg,Sem mascara,0
466,/content/drive/MyDrive/Colab Notebooks/Mask-detect/imagens/sem-mascara/405.jpg,Sem mascara,0
467,/content/drive/MyDrive/Colab Notebooks/Mask-detect/imagens/sem-mascara/103.jpg,Sem mascara,0
468,/content/drive/MyDrive/Colab Notebooks/Mask-detect/imagens/sem-mascara/313.jpg,Sem mascara,0
469,/content/drive/MyDrive/Colab Notebooks/Mask-detect/imagens/sem-mascara/361.jpg,Sem mascara,0
470,/content/drive/MyDrive/Colab Notebooks/Mask-detect/imagens/sem-mascara/278.jpg,Sem mascara,0
471,/content/drive/MyDrive/Colab Notebooks/Mask-detect/imagens/sem-mascara/169.jpg,Sem mascara,0
472,/content/drive/MyDrive/Colab Notebooks/Mask-detect/imagens/sem-mascara/109.jpg,Sem mascara,0
473,/content/drive/MyDrive/Colab Notebooks/Mask-detect/imagens/sem-mascara/325.jpg,Sem mascara,0
474,/content/drive/MyDrive/Colab Notebooks/Mask-detect/imagens/sem-mascara/374.jpg,Sem mascara,0
475,/content/drive/MyDrive/Colab Notebooks/Mask-detect/imagens/sem-mascara/141.jpg,Sem mascara,0
476,/content/drive/MyDrive/Colab Notebooks/Mask-detect/imagens/sem-mascara/209.jpg,Sem mascara,0
477,/content/drive/MyDrive/Colab Notebooks/Mask-detect/imagens/sem-mascara/172.jpg,Sem mascara,0
478,/content/drive/MyDrive/Colab Notebooks/Mask-detect/imagens/sem-mascara/340.jpg,Sem mascara,0
479,/content/drive/MyDrive/Colab Notebooks/Mask-detect/imagens/sem-mascara/133.jpg,Sem mascara,0
480,/content/drive/MyDrive/Colab Notebooks/Mask-detect/imagens/sem-mascara/316.jpg,Sem mascara,0
481,/content/drive/MyDrive/Colab Notebooks/Mask-detect/imagens/sem-mascara/219.jpg,Sem mascara,0
482,/content/drive/MyDrive/Colab Notebooks/Mask-detect/imagens/sem-mascara/266.jpg,Sem mascara,0
483,/content/drive/MyDrive/Colab Notebooks/Mask-detect/imagens/sem-mascara/290.jpg,Sem mascara,0
484,/content/drive/MyDrive/Colab Notebooks/Mask-detect/imagens/sem-mascara/36.jpg,Sem mascara,0
485,/content/drive/MyDrive/Colab Notebooks/Mask-detect/imagens/sem-mascara/332.jpg,Sem mascara,0
486,/content/drive/MyDrive/Colab Notebooks/Mask-detect/imagens/sem-mascara/393.jpg,Sem mascara,0
487,/content/drive/MyDrive/Colab Notebooks/Mask-detect/imagens/sem-mascara/297.jpg,Sem mascara,0
488,/content/drive/MyDrive/Colab Notebooks/Mask-detect/imagens/sem-mascara/315.jpg,Sem mascara,0
489,/content/drive/MyDrive/Colab Notebooks/Mask-detect/imagens/sem-mascara/24.jpg,Sem mascara,0
490,/content/drive/MyDrive/Colab Notebooks/Mask-detect/imagens/sem-mascara/210.jpg,Sem mascara,0
491,/content/drive/MyDrive/Colab Notebooks/Mask-detect/imagens/sem-mascara/127.jpg,Sem mascara,0
492,/content/drive/MyDrive/Colab Notebooks/Mask-detect/imagens/sem-mascara/392.jpg,Sem mascara,0
493,/content/drive/MyDrive/Colab Notebooks/Mask-detect/imagens/sem-mascara/41.jpg,Sem mascara,0
494,/content/drive/MyDrive/Colab Notebooks/Mask-detect/imagens/sem-mascara/212.jpg,Sem mascara,0
495,/content/drive/MyDrive/Colab Notebooks/Mask-detect/imagens/sem-mascara/179.jpg,Sem mascara,0
496,/content/drive/MyDrive/Colab Notebooks/Mask-detect/imagens/sem-mascara/291.jpg,Sem mascara,0
497,/content/drive/MyDrive/Colab Notebooks/Mask-detect/imagens/sem-mascara/164.jpg,Sem mascara,0
498,/content/drive/MyDrive/Colab Notebooks/Mask-detect/imagens/sem-mascara/197.jpg,Sem mascara,0
499,/content/drive/MyDrive/Colab Notebooks/Mask-detect/imagens/sem-mascara/321.jpg,Sem mascara,0
500,/content/drive/MyDrive/Colab Notebooks/Mask-detect/imagens/sem-mascara/146.jpg,Sem mascara,0
501,/content/drive/MyDrive/Colab Notebooks/Mask-detect/imagens/sem-mascara/229.jpg,Sem mascara,0
502,/content/drive/MyDrive/Colab Notebooks/Mask-detect/imagens/sem-mascara/32.jpg,Sem mascara,0
503,/content/drive/MyDrive/Colab Notebooks/Mask-detect/imagens/sem-mascara/498.jpg,Sem mascara,0
504,/content/drive/MyDrive/Colab Notebooks/Mask-detect/imagens/sem-mascara/581.jpg,Sem mascara,0
505,/content/drive/MyDrive/Colab Notebooks/Mask-detect/imagens/sem-mascara/592.jpg,Sem mascara,0
506,/content/drive/MyDrive/Colab Notebooks/Mask-detect/imagens/sem-mascara/637.jpg,Sem mascara,0
507,/content/drive/MyDrive/Colab Notebooks/Mask-detect/imagens/sem-mascara/607.jpg,Sem mascara,0
508,/content/drive/MyDrive/Colab Notebooks/Mask-detect/imagens/sem-mascara/659.jpg,Sem mascara,0
509,/content/drive/MyDrive/Colab Notebooks/Mask-detect/imagens/sem-mascara/666.jpg,Sem mascara,0
510,/content/drive/MyDrive/Colab Notebooks/Mask-detect/imagens/sem-mascara/680.jpg,Sem mascara,0
511,/content/drive/MyDrive/Colab Notebooks/Mask-detect/imagens/sem-mascara/459.jpg,Sem mascara,0
512,/content/drive/MyDrive/Colab Notebooks/Mask-detect/imagens/sem-mascara/611.jpg,Sem mascara,0
513,/content/drive/MyDrive/Colab Notebooks/Mask-detect/imagens/sem-mascara/604.jpg,Sem mascara,0
514,/content/drive/MyDrive/Colab Notebooks/Mask-detect/imagens/sem-mascara/663.jpg,Sem mascara,0
515,/content/drive/MyDrive/Colab Notebooks/Mask-detect/imagens/sem-mascara/58.jpg,Sem mascara,0
516,/content/drive/MyDrive/Colab Notebooks/Mask-detect/imagens/sem-mascara/601.jpg,Sem mascara,0
517,/content/drive/MyDrive/Colab Notebooks/Mask-detect/imagens/sem-mascara/520.jpg,Sem mascara,0
518,/content/drive/MyDrive/Colab Notebooks/Mask-detect/imagens/sem-mascara/650.jpg,Sem mascara,0
519,/content/drive/MyDrive/Colab Notebooks/Mask-detect/imagens/sem-mascara/524.jpg,Sem mascara,0
520,/content/drive/MyDrive/Colab Notebooks/Mask-detect/imagens/sem-mascara/444.jpg,Sem mascara,0
521,/content/drive/MyDrive/Colab Notebooks/Mask-detect/imagens/sem-mascara/527.jpg,Sem mascara,0
522,/content/drive/MyDrive/Colab Notebooks/Mask-detect/imagens/sem-mascara/643.jpg,Sem mascara,0
523,/content/drive/MyDrive/Colab Notebooks/Mask-detect/imagens/sem-mascara/496.jpg,Sem mascara,0
524,/content/drive/MyDrive/Colab Notebooks/Mask-detect/imagens/sem-mascara/585.jpg,Sem mascara,0
525,/content/drive/MyDrive/Colab Notebooks/Mask-detect/imagens/sem-mascara/530.jpg,Sem mascara,0
526,/content/drive/MyDrive/Colab Notebooks/Mask-detect/imagens/sem-mascara/596.jpg,Sem mascara,0
527,/content/drive/MyDrive/Colab Notebooks/Mask-detect/imagens/sem-mascara/587.jpg,Sem mascara,0
528,/content/drive/MyDrive/Colab Notebooks/Mask-detect/imagens/sem-mascara/445.jpg,Sem mascara,0
529,/content/drive/MyDrive/Colab Notebooks/Mask-detect/imagens/sem-mascara/62.jpg,Sem mascara,0
530,/content/drive/MyDrive/Colab Notebooks/Mask-detect/imagens/sem-mascara/426.jpg,Sem mascara,0
531,/content/drive/MyDrive/Colab Notebooks/Mask-detect/imagens/sem-mascara/678.jpg,Sem mascara,0
532,/content/drive/MyDrive/Colab Notebooks/Mask-detect/imagens/sem-mascara/481.jpg,Sem mascara,0
533,/content/drive/MyDrive/Colab Notebooks/Mask-detect/imagens/sem-mascara/576.jpg,Sem mascara,0
534,/content/drive/MyDrive/Colab Notebooks/Mask-detect/imagens/sem-mascara/48.jpg,Sem mascara,0
535,/content/drive/MyDrive/Colab Notebooks/Mask-detect/imagens/sem-mascara/610.jpg,Sem mascara,0
536,/content/drive/MyDrive/Colab Notebooks/Mask-detect/imagens/sem-mascara/483.jpg,Sem mascara,0
537,/content/drive/MyDrive/Colab Notebooks/Mask-detect/imagens/sem-mascara/537.jpg,Sem mascara,0
538,/content/drive/MyDrive/Colab Notebooks/Mask-detect/imagens/sem-mascara/586.jpg,Sem mascara,0
539,/content/drive/MyDrive/Colab Notebooks/Mask-detect/imagens/sem-mascara/463.jpg,Sem mascara,0
540,/content/drive/MyDrive/Colab Notebooks/Mask-detect/imagens/sem-mascara/692.jpg,Sem mascara,0
541,/content/drive/MyDrive/Colab Notebooks/Mask-detect/imagens/sem-mascara/615.jpg,Sem mascara,0
542,/content/drive/MyDrive/Colab Notebooks/Mask-detect/imagens/sem-mascara/467.jpg,Sem mascara,0
543,/content/drive/MyDrive/Colab Notebooks/Mask-detect/imagens/sem-mascara/612.jpg,Sem mascara,0
544,/content/drive/MyDrive/Colab Notebooks/Mask-detect/imagens/sem-mascara/593.jpg,Sem mascara,0
545,/content/drive/MyDrive/Colab Notebooks/Mask-detect/imagens/sem-mascara/639.jpg,Sem mascara,0
546,/content/drive/MyDrive/Colab Notebooks/Mask-detect/imagens/sem-mascara/447.jpg,Sem mascara,0
547,/content/drive/MyDrive/Colab Notebooks/Mask-detect/imagens/sem-mascara/47.jpg,Sem mascara,0
548,/content/drive/MyDrive/Colab Notebooks/Mask-detect/imagens/sem-mascara/675.jpg,Sem mascara,0
549,/content/drive/MyDrive/Colab Notebooks/Mask-detect/imagens/sem-mascara/544.jpg,Sem mascara,0
550,/content/drive/MyDrive/Colab Notebooks/Mask-detect/imagens/sem-mascara/6.jpg,Sem mascara,0
551,/content/drive/MyDrive/Colab Notebooks/Mask-detect/imagens/sem-mascara/437.jpg,Sem mascara,0
552,/content/drive/MyDrive/Colab Notebooks/Mask-detect/imagens/sem-mascara/534.jpg,Sem mascara,0
553,/content/drive/MyDrive/Colab Notebooks/Mask-detect/imagens/sem-mascara/632.jpg,Sem mascara,0
554,/content/drive/MyDrive/Colab Notebooks/Mask-detect/imagens/sem-mascara/657.jpg,Sem mascara,0
555,/content/drive/MyDrive/Colab Notebooks/Mask-detect/imagens/sem-mascara/523.jpg,Sem mascara,0
556,/content/drive/MyDrive/Colab Notebooks/Mask-detect/imagens/sem-mascara/43.jpg,Sem mascara,0
557,/content/drive/MyDrive/Colab Notebooks/Mask-detect/imagens/sem-mascara/569.jpg,Sem mascara,0
558,/content/drive/MyDrive/Colab Notebooks/Mask-detect/imagens/sem-mascara/521.jpg,Sem mascara,0
559,/content/drive/MyDrive/Colab Notebooks/Mask-detect/imagens/sem-mascara/488.jpg,Sem mascara,0
560,/content/drive/MyDrive/Colab Notebooks/Mask-detect/imagens/sem-mascara/538.jpg,Sem mascara,0
561,/content/drive/MyDrive/Colab Notebooks/Mask-detect/imagens/sem-mascara/584.jpg,Sem mascara,0
562,/content/drive/MyDrive/Colab Notebooks/Mask-detect/imagens/sem-mascara/609.jpg,Sem mascara,0
563,/content/drive/MyDrive/Colab Notebooks/Mask-detect/imagens/sem-mascara/560.jpg,Sem mascara,0
564,/content/drive/MyDrive/Colab Notebooks/Mask-detect/imagens/sem-mascara/563.jpg,Sem mascara,0
565,/content/drive/MyDrive/Colab Notebooks/Mask-detect/imagens/sem-mascara/655.jpg,Sem mascara,0
566,/content/drive/MyDrive/Colab Notebooks/Mask-detect/imagens/sem-mascara/645.jpg,Sem mascara,0
567,/content/drive/MyDrive/Colab Notebooks/Mask-detect/imagens/sem-mascara/525.jpg,Sem mascara,0
568,/content/drive/MyDrive/Colab Notebooks/Mask-detect/imagens/sem-mascara/583.jpg,Sem mascara,0
569,/content/drive/MyDrive/Colab Notebooks/Mask-detect/imagens/sem-mascara/522.jpg,Sem mascara,0
570,/content/drive/MyDrive/Colab Notebooks/Mask-detect/imagens/sem-mascara/490.jpg,Sem mascara,0
571,/content/drive/MyDrive/Colab Notebooks/Mask-detect/imagens/sem-mascara/572.jpg,Sem mascara,0
572,/content/drive/MyDrive/Colab Notebooks/Mask-detect/imagens/sem-mascara/60.jpg,Sem mascara,0
573,/content/drive/MyDrive/Colab Notebooks/Mask-detect/imagens/sem-mascara/468.jpg,Sem mascara,0
574,/content/drive/MyDrive/Colab Notebooks/Mask-detect/imagens/sem-mascara/546.jpg,Sem mascara,0
575,/content/drive/MyDrive/Colab Notebooks/Mask-detect/imagens/sem-mascara/667.jpg,Sem mascara,0
576,/content/drive/MyDrive/Colab Notebooks/Mask-detect/imagens/sem-mascara/602.jpg,Sem mascara,0
577,/content/drive/MyDrive/Colab Notebooks/Mask-detect/imagens/sem-mascara/476.jpg,Sem mascara,0
578,/content/drive/MyDrive/Colab Notebooks/Mask-detect/imagens/sem-mascara/691.jpg,Sem mascara,0
579,/content/drive/MyDrive/Colab Notebooks/Mask-detect/imagens/sem-mascara/623.jpg,Sem mascara,0
580,/content/drive/MyDrive/Colab Notebooks/Mask-detect/imagens/sem-mascara/694.jpg,Sem mascara,0
581,/content/drive/MyDrive/Colab Notebooks/Mask-detect/imagens/sem-mascara/497.jpg,Sem mascara,0
582,/content/drive/MyDrive/Colab Notebooks/Mask-detect/imagens/sem-mascara/510.jpg,Sem mascara,0
583,/content/drive/MyDrive/Colab Notebooks/Mask-detect/imagens/sem-mascara/518.jpg,Sem mascara,0
584,/content/drive/MyDrive/Colab Notebooks/Mask-detect/imagens/sem-mascara/5.jpg,Sem mascara,0
585,/content/drive/MyDrive/Colab Notebooks/Mask-detect/imagens/sem-mascara/577.jpg,Sem mascara,0
586,/content/drive/MyDrive/Colab Notebooks/Mask-detect/imagens/sem-mascara/440.jpg,Sem mascara,0
587,/content/drive/MyDrive/Colab Notebooks/Mask-detect/imagens/sem-mascara/630.jpg,Sem mascara,0
588,/content/drive/MyDrive/Colab Notebooks/Mask-detect/imagens/sem-mascara/68.jpg,Sem mascara,0
589,/content/drive/MyDrive/Colab Notebooks/Mask-detect/imagens/sem-mascara/513.jpg,Sem mascara,0
590,/content/drive/MyDrive/Colab Notebooks/Mask-detect/imagens/sem-mascara/507.jpg,Sem mascara,0
591,/content/drive/MyDrive/Colab Notebooks/Mask-detect/imagens/sem-mascara/565.jpg,Sem mascara,0
592,/content/drive/MyDrive/Colab Notebooks/Mask-detect/imagens/sem-mascara/597.jpg,Sem mascara,0
593,/content/drive/MyDrive/Colab Notebooks/Mask-detect/imagens/sem-mascara/487.jpg,Sem mascara,0
594,/content/drive/MyDrive/Colab Notebooks/Mask-detect/imagens/sem-mascara/471.jpg,Sem mascara,0
595,/content/drive/MyDrive/Colab Notebooks/Mask-detect/imagens/sem-mascara/504.jpg,Sem mascara,0
596,/content/drive/MyDrive/Colab Notebooks/Mask-detect/imagens/sem-mascara/472.jpg,Sem mascara,0
597,/content/drive/MyDrive/Colab Notebooks/Mask-detect/imagens/sem-mascara/603.jpg,Sem mascara,0
598,/content/drive/MyDrive/Colab Notebooks/Mask-detect/imagens/sem-mascara/564.jpg,Sem mascara,0
599,/content/drive/MyDrive/Colab Notebooks/Mask-detect/imagens/sem-mascara/508.jpg,Sem mascara,0
600,/content/drive/MyDrive/Colab Notebooks/Mask-detect/imagens/sem-mascara/435.jpg,Sem mascara,0
601,/content/drive/MyDrive/Colab Notebooks/Mask-detect/imagens/sem-mascara/456.jpg,Sem mascara,0
602,/content/drive/MyDrive/Colab Notebooks/Mask-detect/imagens/sem-mascara/442.jpg,Sem mascara,0
603,/content/drive/MyDrive/Colab Notebooks/Mask-detect/imagens/sem-mascara/480.jpg,Sem mascara,0
604,/content/drive/MyDrive/Colab Notebooks/Mask-detect/imagens/sem-mascara/549.jpg,Sem mascara,0
605,/content/drive/MyDrive/Colab Notebooks/Mask-detect/imagens/sem-mascara/502.jpg,Sem mascara,0
606,/content/drive/MyDrive/Colab Notebooks/Mask-detect/imagens/sem-mascara/653.jpg,Sem mascara,0
607,/content/drive/MyDrive/Colab Notebooks/Mask-detect/imagens/sem-mascara/673.jpg,Sem mascara,0
608,/content/drive/MyDrive/Colab Notebooks/Mask-detect/imagens/sem-mascara/644.jpg,Sem mascara,0
609,/content/drive/MyDrive/Colab Notebooks/Mask-detect/imagens/sem-mascara/427.jpg,Sem mascara,0
610,/content/drive/MyDrive/Colab Notebooks/Mask-detect/imagens/sem-mascara/55.jpg,Sem mascara,0
611,/content/drive/MyDrive/Colab Notebooks/Mask-detect/imagens/sem-mascara/661.jpg,Sem mascara,0
612,/content/drive/MyDrive/Colab Notebooks/Mask-detect/imagens/sem-mascara/489.jpg,Sem mascara,0
613,/content/drive/MyDrive/Colab Notebooks/Mask-detect/imagens/sem-mascara/54.jpg,Sem mascara,0
614,/content/drive/MyDrive/Colab Notebooks/Mask-detect/imagens/sem-mascara/677.jpg,Sem mascara,0
615,/content/drive/MyDrive/Colab Notebooks/Mask-detect/imagens/sem-mascara/557.jpg,Sem mascara,0
616,/content/drive/MyDrive/Colab Notebooks/Mask-detect/imagens/sem-mascara/588.jpg,Sem mascara,0
617,/content/drive/MyDrive/Colab Notebooks/Mask-detect/imagens/sem-mascara/672.jpg,Sem mascara,0
618,/content/drive/MyDrive/Colab Notebooks/Mask-detect/imagens/sem-mascara/458.jpg,Sem mascara,0
619,/content/drive/MyDrive/Colab Notebooks/Mask-detect/imagens/sem-mascara/686.jpg,Sem mascara,0
620,/content/drive/MyDrive/Colab Notebooks/Mask-detect/imagens/sem-mascara/642.jpg,Sem mascara,0
621,/content/drive/MyDrive/Colab Notebooks/Mask-detect/imagens/sem-mascara/542.jpg,Sem mascara,0
622,/content/drive/MyDrive/Colab Notebooks/Mask-detect/imagens/sem-mascara/451.jpg,Sem mascara,0
623,/content/drive/MyDrive/Colab Notebooks/Mask-detect/imagens/sem-mascara/668.jpg,Sem mascara,0
624,/content/drive/MyDrive/Colab Notebooks/Mask-detect/imagens/sem-mascara/580.jpg,Sem mascara,0
625,/content/drive/MyDrive/Colab Notebooks/Mask-detect/imagens/sem-mascara/454.jpg,Sem mascara,0
626,/content/drive/MyDrive/Colab Notebooks/Mask-detect/imagens/sem-mascara/500.jpg,Sem mascara,0
627,/content/drive/MyDrive/Colab Notebooks/Mask-detect/imagens/sem-mascara/511.jpg,Sem mascara,0
628,/content/drive/MyDrive/Colab Notebooks/Mask-detect/imagens/sem-mascara/690.jpg,Sem mascara,0
629,/content/drive/MyDrive/Colab Notebooks/Mask-detect/imagens/sem-mascara/461.jpg,Sem mascara,0
630,/content/drive/MyDrive/Colab Notebooks/Mask-detect/imagens/sem-mascara/555.jpg,Sem mascara,0
631,/content/drive/MyDrive/Colab Notebooks/Mask-detect/imagens/sem-mascara/470.jpg,Sem mascara,0
632,/content/drive/MyDrive/Colab Notebooks/Mask-detect/imagens/sem-mascara/543.jpg,Sem mascara,0
633,/content/drive/MyDrive/Colab Notebooks/Mask-detect/imagens/sem-mascara/620.jpg,Sem mascara,0
634,/content/drive/MyDrive/Colab Notebooks/Mask-detect/imagens/sem-mascara/49.jpg,Sem mascara,0
635,/content/drive/MyDrive/Colab Notebooks/Mask-detect/imagens/sem-mascara/512.jpg,Sem mascara,0
636,/content/drive/MyDrive/Colab Notebooks/Mask-detect/imagens/sem-mascara/65.jpg,Sem mascara,0
637,/content/drive/MyDrive/Colab Notebooks/Mask-detect/imagens/sem-mascara/50.jpg,Sem mascara,0
638,/content/drive/MyDrive/Colab Notebooks/Mask-detect/imagens/sem-mascara/656.jpg,Sem mascara,0
639,/content/drive/MyDrive/Colab Notebooks/Mask-detect/imagens/sem-mascara/613.jpg,Sem mascara,0
640,/content/drive/MyDrive/Colab Notebooks/Mask-detect/imagens/sem-mascara/533.jpg,Sem mascara,0
641,/content/drive/MyDrive/Colab Notebooks/Mask-detect/imagens/sem-mascara/651.jpg,Sem mascara,0
642,/content/drive/MyDrive/Colab Notebooks/Mask-detect/imagens/sem-mascara/495.jpg,Sem mascara,0
643,/content/drive/MyDrive/Colab Notebooks/Mask-detect/imagens/sem-mascara/42.jpg,Sem mascara,0
644,/content/drive/MyDrive/Colab Notebooks/Mask-detect/imagens/sem-mascara/45.jpg,Sem mascara,0
645,/content/drive/MyDrive/Colab Notebooks/Mask-detect/imagens/sem-mascara/478.jpg,Sem mascara,0
646,/content/drive/MyDrive/Colab Notebooks/Mask-detect/imagens/sem-mascara/573.jpg,Sem mascara,0
647,/content/drive/MyDrive/Colab Notebooks/Mask-detect/imagens/sem-mascara/449.jpg,Sem mascara,0
648,/content/drive/MyDrive/Colab Notebooks/Mask-detect/imagens/sem-mascara/532.jpg,Sem mascara,0
649,/content/drive/MyDrive/Colab Notebooks/Mask-detect/imagens/sem-mascara/484.jpg,Sem mascara,0
650,/content/drive/MyDrive/Colab Notebooks/Mask-detect/imagens/sem-mascara/624.jpg,Sem mascara,0
651,/content/drive/MyDrive/Colab Notebooks/Mask-detect/imagens/sem-mascara/608.jpg,Sem mascara,0
652,/content/drive/MyDrive/Colab Notebooks/Mask-detect/imagens/sem-mascara/453.jpg,Sem mascara,0
653,/content/drive/MyDrive/Colab Notebooks/Mask-detect/imagens/sem-mascara/514.jpg,Sem mascara,0
654,/content/drive/MyDrive/Colab Notebooks/Mask-detect/imagens/sem-mascara/671.jpg,Sem mascara,0
655,/content/drive/MyDrive/Colab Notebooks/Mask-detect/imagens/sem-mascara/599.jpg,Sem mascara,0
656,/content/drive/MyDrive/Colab Notebooks/Mask-detect/imagens/sem-mascara/669.jpg,Sem mascara,0
657,/content/drive/MyDrive/Colab Notebooks/Mask-detect/imagens/sem-mascara/57.jpg,Sem mascara,0
658,/content/drive/MyDrive/Colab Notebooks/Mask-detect/imagens/sem-mascara/648.jpg,Sem mascara,0
659,/content/drive/MyDrive/Colab Notebooks/Mask-detect/imagens/sem-mascara/433.jpg,Sem mascara,0
660,/content/drive/MyDrive/Colab Notebooks/Mask-detect/imagens/sem-mascara/59.jpg,Sem mascara,0
661,/content/drive/MyDrive/Colab Notebooks/Mask-detect/imagens/sem-mascara/69.jpg,Sem mascara,0
662,/content/drive/MyDrive/Colab Notebooks/Mask-detect/imagens/sem-mascara/441.jpg,Sem mascara,0
663,/content/drive/MyDrive/Colab Notebooks/Mask-detect/imagens/sem-mascara/515.jpg,Sem mascara,0
664,/content/drive/MyDrive/Colab Notebooks/Mask-detect/imagens/sem-mascara/674.jpg,Sem mascara,0
665,/content/drive/MyDrive/Colab Notebooks/Mask-detect/imagens/sem-mascara/531.jpg,Sem mascara,0
666,/content/drive/MyDrive/Colab Notebooks/Mask-detect/imagens/sem-mascara/452.jpg,Sem mascara,0
667,/content/drive/MyDrive/Colab Notebooks/Mask-detect/imagens/sem-mascara/505.jpg,Sem mascara,0
668,/content/drive/MyDrive/Colab Notebooks/Mask-detect/imagens/sem-mascara/683.jpg,Sem mascara,0
669,/content/drive/MyDrive/Colab Notebooks/Mask-detect/imagens/sem-mascara/629.jpg,Sem mascara,0
670,/content/drive/MyDrive/Colab Notebooks/Mask-detect/imagens/sem-mascara/695.jpg,Sem mascara,0
671,/content/drive/MyDrive/Colab Notebooks/Mask-detect/imagens/sem-mascara/509.jpg,Sem mascara,0
672,/content/drive/MyDrive/Colab Notebooks/Mask-detect/imagens/sem-mascara/556.jpg,Sem mascara,0
673,/content/drive/MyDrive/Colab Notebooks/Mask-detect/imagens/sem-mascara/63.jpg,Sem mascara,0
674,/content/drive/MyDrive/Colab Notebooks/Mask-detect/imagens/sem-mascara/529.jpg,Sem mascara,0
675,/content/drive/MyDrive/Colab Notebooks/Mask-detect/imagens/sem-mascara/561.jpg,Sem mascara,0
676,/content/drive/MyDrive/Colab Notebooks/Mask-detect/imagens/sem-mascara/506.jpg,Sem mascara,0
677,/content/drive/MyDrive/Colab Notebooks/Mask-detect/imagens/sem-mascara/421.jpg,Sem mascara,0
678,/content/drive/MyDrive/Colab Notebooks/Mask-detect/imagens/sem-mascara/633.jpg,Sem mascara,0
679,/content/drive/MyDrive/Colab Notebooks/Mask-detect/imagens/sem-mascara/494.jpg,Sem mascara,0
680,/content/drive/MyDrive/Colab Notebooks/Mask-detect/imagens/sem-mascara/547.jpg,Sem mascara,0
681,/content/drive/MyDrive/Colab Notebooks/Mask-detect/imagens/sem-mascara/553.jpg,Sem mascara,0
682,/content/drive/MyDrive/Colab Notebooks/Mask-detect/imagens/sem-mascara/619.jpg,Sem mascara,0
683,/content/drive/MyDrive/Colab Notebooks/Mask-detect/imagens/sem-mascara/56.jpg,Sem mascara,0
684,/content/drive/MyDrive/Colab Notebooks/Mask-detect/imagens/sem-mascara/477.jpg,Sem mascara,0
685,/content/drive/MyDrive/Colab Notebooks/Mask-detect/imagens/sem-mascara/598.jpg,Sem mascara,0
686,/content/drive/MyDrive/Colab Notebooks/Mask-detect/imagens/sem-mascara/539.jpg,Sem mascara,0
687,/content/drive/MyDrive/Colab Notebooks/Mask-detect/imagens/sem-mascara/664.jpg,Sem mascara,0
688,/content/drive/MyDrive/Colab Notebooks/Mask-detect/imagens/sem-mascara/528.jpg,Sem mascara,0
689,/content/drive/MyDrive/Colab Notebooks/Mask-detect/imagens/sem-mascara/625.jpg,Sem mascara,0
690,/content/drive/MyDrive/Colab Notebooks/Mask-detect/imagens/sem-mascara/582.jpg,Sem mascara,0
691,/content/drive/MyDrive/Colab Notebooks/Mask-detect/imagens/sem-mascara/535.jpg,Sem mascara,0
692,/content/drive/MyDrive/Colab Notebooks/Mask-detect/imagens/sem-mascara/654.jpg,Sem mascara,0
693,/content/drive/MyDrive/Colab Notebooks/Mask-detect/imagens/sem-mascara/665.jpg,Sem mascara,0
694,/content/drive/MyDrive/Colab Notebooks/Mask-detect/imagens/sem-mascara/473.jpg,Sem mascara,0
695,/content/drive/MyDrive/Colab Notebooks/Mask-detect/imagens/sem-mascara/431.jpg,Sem mascara,0
696,/content/drive/MyDrive/Colab Notebooks/Mask-detect/imagens/sem-mascara/575.jpg,Sem mascara,0
697,/content/drive/MyDrive/Colab Notebooks/Mask-detect/imagens/sem-mascara/446.jpg,Sem mascara,0
698,/content/drive/MyDrive/Colab Notebooks/Mask-detect/imagens/sem-mascara/628.jpg,Sem mascara,0
699,/content/drive/MyDrive/Colab Notebooks/Mask-detect/imagens/sem-mascara/570.jpg,Sem mascara,0
700,/content/drive/MyDrive/Colab Notebooks/Mask-detect/imagens/sem-mascara/558.jpg,Sem mascara,0
701,/content/drive/MyDrive/Colab Notebooks/Mask-detect/imagens/sem-mascara/562.jpg,Sem mascara,0
702,/content/drive/MyDrive/Colab Notebooks/Mask-detect/imagens/sem-mascara/631.jpg,Sem mascara,0
703,/content/drive/MyDrive/Colab Notebooks/Mask-detect/imagens/sem-mascara/482.jpg,Sem mascara,0
704,/content/drive/MyDrive/Colab Notebooks/Mask-detect/imagens/sem-mascara/618.jpg,Sem mascara,0
705,/content/drive/MyDrive/Colab Notebooks/Mask-detect/imagens/sem-mascara/638.jpg,Sem mascara,0
706,/content/drive/MyDrive/Colab Notebooks/Mask-detect/imagens/sem-mascara/519.jpg,Sem mascara,0
707,/content/drive/MyDrive/Colab Notebooks/Mask-detect/imagens/sem-mascara/559.jpg,Sem mascara,0
708,/content/drive/MyDrive/Colab Notebooks/Mask-detect/imagens/sem-mascara/670.jpg,Sem mascara,0
709,/content/drive/MyDrive/Colab Notebooks/Mask-detect/imagens/sem-mascara/550.jpg,Sem mascara,0
710,/content/drive/MyDrive/Colab Notebooks/Mask-detect/imagens/sem-mascara/462.jpg,Sem mascara,0
711,/content/drive/MyDrive/Colab Notebooks/Mask-detect/imagens/sem-mascara/647.jpg,Sem mascara,0
712,/content/drive/MyDrive/Colab Notebooks/Mask-detect/imagens/sem-mascara/649.jpg,Sem mascara,0
713,/content/drive/MyDrive/Colab Notebooks/Mask-detect/imagens/sem-mascara/455.jpg,Sem mascara,0
714,/content/drive/MyDrive/Colab Notebooks/Mask-detect/imagens/sem-mascara/589.jpg,Sem mascara,0
715,/content/drive/MyDrive/Colab Notebooks/Mask-detect/imagens/sem-mascara/634.jpg,Sem mascara,0
716,/content/drive/MyDrive/Colab Notebooks/Mask-detect/imagens/sem-mascara/475.jpg,Sem mascara,0
717,/content/drive/MyDrive/Colab Notebooks/Mask-detect/imagens/sem-mascara/685.jpg,Sem mascara,0
718,/content/drive/MyDrive/Colab Notebooks/Mask-detect/imagens/sem-mascara/64.jpg,Sem mascara,0
719,/content/drive/MyDrive/Colab Notebooks/Mask-detect/imagens/sem-mascara/616.jpg,Sem mascara,0
720,/content/drive/MyDrive/Colab Notebooks/Mask-detect/imagens/sem-mascara/693.jpg,Sem mascara,0
721,/content/drive/MyDrive/Colab Notebooks/Mask-detect/imagens/sem-mascara/567.jpg,Sem mascara,0
722,/content/drive/MyDrive/Colab Notebooks/Mask-detect/imagens/sem-mascara/430.jpg,Sem mascara,0
723,/content/drive/MyDrive/Colab Notebooks/Mask-detect/imagens/sem-mascara/640.jpg,Sem mascara,0
724,/content/drive/MyDrive/Colab Notebooks/Mask-detect/imagens/sem-mascara/605.jpg,Sem mascara,0
725,/content/drive/MyDrive/Colab Notebooks/Mask-detect/imagens/sem-mascara/681.jpg,Sem mascara,0
726,/content/drive/MyDrive/Colab Notebooks/Mask-detect/imagens/sem-mascara/617.jpg,Sem mascara,0
727,/content/drive/MyDrive/Colab Notebooks/Mask-detect/imagens/sem-mascara/684.jpg,Sem mascara,0
728,/content/drive/MyDrive/Colab Notebooks/Mask-detect/imagens/sem-mascara/503.jpg,Sem mascara,0
729,/content/drive/MyDrive/Colab Notebooks/Mask-detect/imagens/sem-mascara/51.jpg,Sem mascara,0
730,/content/drive/MyDrive/Colab Notebooks/Mask-detect/imagens/sem-mascara/591.jpg,Sem mascara,0
731,/content/drive/MyDrive/Colab Notebooks/Mask-detect/imagens/sem-mascara/469.jpg,Sem mascara,0
732,/content/drive/MyDrive/Colab Notebooks/Mask-detect/imagens/sem-mascara/439.jpg,Sem mascara,0
733,/content/drive/MyDrive/Colab Notebooks/Mask-detect/imagens/sem-mascara/465.jpg,Sem mascara,0
734,/content/drive/MyDrive/Colab Notebooks/Mask-detect/imagens/sem-mascara/424.jpg,Sem mascara,0
735,/content/drive/MyDrive/Colab Notebooks/Mask-detect/imagens/sem-mascara/448.jpg,Sem mascara,0
736,/content/drive/MyDrive/Colab Notebooks/Mask-detect/imagens/sem-mascara/545.jpg,Sem mascara,0
737,/content/drive/MyDrive/Colab Notebooks/Mask-detect/imagens/sem-mascara/551.jpg,Sem mascara,0
738,/content/drive/MyDrive/Colab Notebooks/Mask-detect/imagens/sem-mascara/622.jpg,Sem mascara,0
739,/content/drive/MyDrive/Colab Notebooks/Mask-detect/imagens/sem-mascara/606.jpg,Sem mascara,0
740,/content/drive/MyDrive/Colab Notebooks/Mask-detect/imagens/sem-mascara/682.jpg,Sem mascara,0
741,/content/drive/MyDrive/Colab Notebooks/Mask-detect/imagens/sem-mascara/594.jpg,Sem mascara,0
742,/content/drive/MyDrive/Colab Notebooks/Mask-detect/imagens/sem-mascara/479.jpg,Sem mascara,0
743,/content/drive/MyDrive/Colab Notebooks/Mask-detect/imagens/sem-mascara/540.jpg,Sem mascara,0
744,/content/drive/MyDrive/Colab Notebooks/Mask-detect/imagens/sem-mascara/566.jpg,Sem mascara,0
745,/content/drive/MyDrive/Colab Notebooks/Mask-detect/imagens/sem-mascara/52.jpg,Sem mascara,0
746,/content/drive/MyDrive/Colab Notebooks/Mask-detect/imagens/sem-mascara/614.jpg,Sem mascara,0
747,/content/drive/MyDrive/Colab Notebooks/Mask-detect/imagens/sem-mascara/493.jpg,Sem mascara,0
748,/content/drive/MyDrive/Colab Notebooks/Mask-detect/imagens/sem-mascara/687.jpg,Sem mascara,0
749,/content/drive/MyDrive/Colab Notebooks/Mask-detect/imagens/sem-mascara/516.jpg,Sem mascara,0
750,/content/drive/MyDrive/Colab Notebooks/Mask-detect/imagens/sem-mascara/548.jpg,Sem mascara,0
751,/content/drive/MyDrive/Colab Notebooks/Mask-detect/imagens/sem-mascara/474.jpg,Sem mascara,0
752,/content/drive/MyDrive/Colab Notebooks/Mask-detect/imagens/sem-mascara/436.jpg,Sem mascara,0
753,/content/drive/MyDrive/Colab Notebooks/Mask-detect/imagens/sem-mascara/646.jpg,Sem mascara,0
754,/content/drive/MyDrive/Colab Notebooks/Mask-detect/imagens/sem-mascara/636.jpg,Sem mascara,0
755,/content/drive/MyDrive/Colab Notebooks/Mask-detect/imagens/sem-mascara/66.jpg,Sem mascara,0
756,/content/drive/MyDrive/Colab Notebooks/Mask-detect/imagens/sem-mascara/662.jpg,Sem mascara,0
757,/content/drive/MyDrive/Colab Notebooks/Mask-detect/imagens/sem-mascara/571.jpg,Sem mascara,0
758,/content/drive/MyDrive/Colab Notebooks/Mask-detect/imagens/sem-mascara/595.jpg,Sem mascara,0
759,/content/drive/MyDrive/Colab Notebooks/Mask-detect/imagens/sem-mascara/492.jpg,Sem mascara,0
760,/content/drive/MyDrive/Colab Notebooks/Mask-detect/imagens/sem-mascara/641.jpg,Sem mascara,0
761,/content/drive/MyDrive/Colab Notebooks/Mask-detect/imagens/sem-mascara/432.jpg,Sem mascara,0
762,/content/drive/MyDrive/Colab Notebooks/Mask-detect/imagens/sem-mascara/486.jpg,Sem mascara,0
763,/content/drive/MyDrive/Colab Notebooks/Mask-detect/imagens/sem-mascara/652.jpg,Sem mascara,0
764,/content/drive/MyDrive/Colab Notebooks/Mask-detect/imagens/sem-mascara/466.jpg,Sem mascara,0
765,/content/drive/MyDrive/Colab Notebooks/Mask-detect/imagens/sem-mascara/541.jpg,Sem mascara,0
766,/content/drive/MyDrive/Colab Notebooks/Mask-detect/imagens/sem-mascara/425.jpg,Sem mascara,0
767,/content/drive/MyDrive/Colab Notebooks/Mask-detect/imagens/sem-mascara/574.jpg,Sem mascara,0
768,/content/drive/MyDrive/Colab Notebooks/Mask-detect/imagens/sem-mascara/428.jpg,Sem mascara,0
769,/content/drive/MyDrive/Colab Notebooks/Mask-detect/imagens/sem-mascara/676.jpg,Sem mascara,0
770,/content/drive/MyDrive/Colab Notebooks/Mask-detect/imagens/sem-mascara/517.jpg,Sem mascara,0
771,/content/drive/MyDrive/Colab Notebooks/Mask-detect/imagens/sem-mascara/420.jpg,Sem mascara,0
772,/content/drive/MyDrive/Colab Notebooks/Mask-detect/imagens/sem-mascara/626.jpg,Sem mascara,0
773,/content/drive/MyDrive/Colab Notebooks/Mask-detect/imagens/sem-mascara/67.jpg,Sem mascara,0
774,/content/drive/MyDrive/Colab Notebooks/Mask-detect/imagens/sem-mascara/679.jpg,Sem mascara,0
775,/content/drive/MyDrive/Colab Notebooks/Mask-detect/imagens/sem-mascara/536.jpg,Sem mascara,0
776,/content/drive/MyDrive/Colab Notebooks/Mask-detect/imagens/sem-mascara/658.jpg,Sem mascara,0
777,/content/drive/MyDrive/Colab Notebooks/Mask-detect/imagens/sem-mascara/423.jpg,Sem mascara,0
778,/content/drive/MyDrive/Colab Notebooks/Mask-detect/imagens/sem-mascara/688.jpg,Sem mascara,0
779,/content/drive/MyDrive/Colab Notebooks/Mask-detect/imagens/sem-mascara/579.jpg,Sem mascara,0
780,/content/drive/MyDrive/Colab Notebooks/Mask-detect/imagens/sem-mascara/600.jpg,Sem mascara,0
781,/content/drive/MyDrive/Colab Notebooks/Mask-detect/imagens/sem-mascara/689.jpg,Sem mascara,0
782,/content/drive/MyDrive/Colab Notebooks/Mask-detect/imagens/sem-mascara/552.jpg,Sem mascara,0
783,/content/drive/MyDrive/Colab Notebooks/Mask-detect/imagens/sem-mascara/443.jpg,Sem mascara,0
784,/content/drive/MyDrive/Colab Notebooks/Mask-detect/imagens/sem-mascara/526.jpg,Sem mascara,0
785,/content/drive/MyDrive/Colab Notebooks/Mask-detect/imagens/sem-mascara/499.jpg,Sem mascara,0
786,/content/drive/MyDrive/Colab Notebooks/Mask-detect/imagens/sem-mascara/578.jpg,Sem mascara,0
787,/content/drive/MyDrive/Colab Notebooks/Mask-detect/imagens/sem-mascara/660.jpg,Sem mascara,0
788,/content/drive/MyDrive/Colab Notebooks/Mask-detect/imagens/sem-mascara/621.jpg,Sem mascara,0
789,/content/drive/MyDrive/Colab Notebooks/Mask-detect/imagens/sem-mascara/501.jpg,Sem mascara,0
790,/content/drive/MyDrive/Colab Notebooks/Mask-detect/imagens/sem-mascara/46.jpg,Sem mascara,0
791,/content/drive/MyDrive/Colab Notebooks/Mask-detect/imagens/sem-mascara/457.jpg,Sem mascara,0
792,/content/drive/MyDrive/Colab Notebooks/Mask-detect/imagens/sem-mascara/635.jpg,Sem mascara,0
793,/content/drive/MyDrive/Colab Notebooks/Mask-detect/imagens/sem-mascara/44.jpg,Sem mascara,0
794,/content/drive/MyDrive/Colab Notebooks/Mask-detect/imagens/sem-mascara/568.jpg,Sem mascara,0
795,/content/drive/MyDrive/Colab Notebooks/Mask-detect/imagens/sem-mascara/429.jpg,Sem mascara,0
796,/content/drive/MyDrive/Colab Notebooks/Mask-detect/imagens/sem-mascara/61.jpg,Sem mascara,0
797,/content/drive/MyDrive/Colab Notebooks/Mask-detect/imagens/sem-mascara/627.jpg,Sem mascara,0
798,/content/drive/MyDrive/Colab Notebooks/Mask-detect/imagens/sem-mascara/434.jpg,Sem mascara,0
799,/content/drive/MyDrive/Colab Notebooks/Mask-detect/imagens/sem-mascara/464.jpg,Sem mascara,0
800,/content/drive/MyDrive/Colab Notebooks/Mask-detect/imagens/sem-mascara/590.jpg,Sem mascara,0
801,/content/drive/MyDrive/Colab Notebooks/Mask-detect/imagens/sem-mascara/491.jpg,Sem mascara,0
802,/content/drive/MyDrive/Colab Notebooks/Mask-detect/imagens/sem-mascara/460.jpg,Sem mascara,0
803,/content/drive/MyDrive/Colab Notebooks/Mask-detect/imagens/sem-mascara/485.jpg,Sem mascara,0
804,/content/drive/MyDrive/Colab Notebooks/Mask-detect/imagens/sem-mascara/422.jpg,Sem mascara,0
805,/content/drive/MyDrive/Colab Notebooks/Mask-detect/imagens/sem-mascara/53.jpg,Sem mascara,0
806,/content/drive/MyDrive/Colab Notebooks/Mask-detect/imagens/sem-mascara/450.jpg,Sem mascara,0
807,/content/drive/MyDrive/Colab Notebooks/Mask-detect/imagens/sem-mascara/554.jpg,Sem mascara,0
808,/content/drive/MyDrive/Colab Notebooks/Mask-detect/imagens/sem-mascara/438.jpg,Sem mascara,0
809,/content/drive/MyDrive/Colab Notebooks/Mask-detect/imagens/sem-mascara/78.jpg,Sem mascara,0
810,/content/drive/MyDrive/Colab Notebooks/Mask-detect/imagens/sem-mascara/837.jpg,Sem mascara,0
811,/content/drive/MyDrive/Colab Notebooks/Mask-detect/imagens/sem-mascara/900.jpg,Sem mascara,0
812,/content/drive/MyDrive/Colab Notebooks/Mask-detect/imagens/sem-mascara/849.jpg,Sem mascara,0
813,/content/drive/MyDrive/Colab Notebooks/Mask-detect/imagens/sem-mascara/722.jpg,Sem mascara,0
814,/content/drive/MyDrive/Colab Notebooks/Mask-detect/imagens/sem-mascara/746.jpg,Sem mascara,0
815,/content/drive/MyDrive/Colab Notebooks/Mask-detect/imagens/sem-mascara/721.jpg,Sem mascara,0
816,/content/drive/MyDrive/Colab Notebooks/Mask-detect/imagens/sem-mascara/934.jpg,Sem mascara,0
817,/content/drive/MyDrive/Colab Notebooks/Mask-detect/imagens/sem-mascara/751.jpg,Sem mascara,0
818,/content/drive/MyDrive/Colab Notebooks/Mask-detect/imagens/sem-mascara/856.jpg,Sem mascara,0
819,/content/drive/MyDrive/Colab Notebooks/Mask-detect/imagens/sem-mascara/73.jpg,Sem mascara,0
820,/content/drive/MyDrive/Colab Notebooks/Mask-detect/imagens/sem-mascara/739.jpg,Sem mascara,0
821,/content/drive/MyDrive/Colab Notebooks/Mask-detect/imagens/sem-mascara/931.jpg,Sem mascara,0
822,/content/drive/MyDrive/Colab Notebooks/Mask-detect/imagens/sem-mascara/714.jpg,Sem mascara,0
823,/content/drive/MyDrive/Colab Notebooks/Mask-detect/imagens/sem-mascara/743.jpg,Sem mascara,0
824,/content/drive/MyDrive/Colab Notebooks/Mask-detect/imagens/sem-mascara/953.jpg,Sem mascara,0
825,/content/drive/MyDrive/Colab Notebooks/Mask-detect/imagens/sem-mascara/885.jpg,Sem mascara,0
826,/content/drive/MyDrive/Colab Notebooks/Mask-detect/imagens/sem-mascara/942.jpg,Sem mascara,0
827,/content/drive/MyDrive/Colab Notebooks/Mask-detect/imagens/sem-mascara/718.jpg,Sem mascara,0
828,/content/drive/MyDrive/Colab Notebooks/Mask-detect/imagens/sem-mascara/955.jpg,Sem mascara,0
829,/content/drive/MyDrive/Colab Notebooks/Mask-detect/imagens/sem-mascara/767.jpg,Sem mascara,0
830,/content/drive/MyDrive/Colab Notebooks/Mask-detect/imagens/sem-mascara/817.jpg,Sem mascara,0
831,/content/drive/MyDrive/Colab Notebooks/Mask-detect/imagens/sem-mascara/742.jpg,Sem mascara,0
832,/content/drive/MyDrive/Colab Notebooks/Mask-detect/imagens/sem-mascara/855.jpg,Sem mascara,0
833,/content/drive/MyDrive/Colab Notebooks/Mask-detect/imagens/sem-mascara/95.jpg,Sem mascara,0
834,/content/drive/MyDrive/Colab Notebooks/Mask-detect/imagens/sem-mascara/774.jpg,Sem mascara,0
835,/content/drive/MyDrive/Colab Notebooks/Mask-detect/imagens/sem-mascara/8.jpg,Sem mascara,0
836,/content/drive/MyDrive/Colab Notebooks/Mask-detect/imagens/sem-mascara/731.jpg,Sem mascara,0
837,/content/drive/MyDrive/Colab Notebooks/Mask-detect/imagens/sem-mascara/937.jpg,Sem mascara,0
838,/content/drive/MyDrive/Colab Notebooks/Mask-detect/imagens/sem-mascara/881.jpg,Sem mascara,0
839,/content/drive/MyDrive/Colab Notebooks/Mask-detect/imagens/sem-mascara/716.jpg,Sem mascara,0
840,/content/drive/MyDrive/Colab Notebooks/Mask-detect/imagens/sem-mascara/753.jpg,Sem mascara,0
841,/content/drive/MyDrive/Colab Notebooks/Mask-detect/imagens/sem-mascara/841.jpg,Sem mascara,0
842,/content/drive/MyDrive/Colab Notebooks/Mask-detect/imagens/sem-mascara/737.jpg,Sem mascara,0
843,/content/drive/MyDrive/Colab Notebooks/Mask-detect/imagens/sem-mascara/927.jpg,Sem mascara,0
844,/content/drive/MyDrive/Colab Notebooks/Mask-detect/imagens/sem-mascara/854.jpg,Sem mascara,0
845,/content/drive/MyDrive/Colab Notebooks/Mask-detect/imagens/sem-mascara/773.jpg,Sem mascara,0
846,/content/drive/MyDrive/Colab Notebooks/Mask-detect/imagens/sem-mascara/876.jpg,Sem mascara,0
847,/content/drive/MyDrive/Colab Notebooks/Mask-detect/imagens/sem-mascara/825.jpg,Sem mascara,0
848,/content/drive/MyDrive/Colab Notebooks/Mask-detect/imagens/sem-mascara/93.jpg,Sem mascara,0
849,/content/drive/MyDrive/Colab Notebooks/Mask-detect/imagens/sem-mascara/789.jpg,Sem mascara,0
850,/content/drive/MyDrive/Colab Notebooks/Mask-detect/imagens/sem-mascara/720.jpg,Sem mascara,0
851,/content/drive/MyDrive/Colab Notebooks/Mask-detect/imagens/sem-mascara/802.jpg,Sem mascara,0
852,/content/drive/MyDrive/Colab Notebooks/Mask-detect/imagens/sem-mascara/717.jpg,Sem mascara,0
853,/content/drive/MyDrive/Colab Notebooks/Mask-detect/imagens/sem-mascara/734.jpg,Sem mascara,0
854,/content/drive/MyDrive/Colab Notebooks/Mask-detect/imagens/sem-mascara/744.jpg,Sem mascara,0
855,/content/drive/MyDrive/Colab Notebooks/Mask-detect/imagens/sem-mascara/829.jpg,Sem mascara,0
856,/content/drive/MyDrive/Colab Notebooks/Mask-detect/imagens/sem-mascara/712.jpg,Sem mascara,0
857,/content/drive/MyDrive/Colab Notebooks/Mask-detect/imagens/sem-mascara/869.jpg,Sem mascara,0
858,/content/drive/MyDrive/Colab Notebooks/Mask-detect/imagens/sem-mascara/865.jpg,Sem mascara,0
859,/content/drive/MyDrive/Colab Notebooks/Mask-detect/imagens/sem-mascara/914.jpg,Sem mascara,0
860,/content/drive/MyDrive/Colab Notebooks/Mask-detect/imagens/sem-mascara/852.jpg,Sem mascara,0
861,/content/drive/MyDrive/Colab Notebooks/Mask-detect/imagens/sem-mascara/906.jpg,Sem mascara,0
862,/content/drive/MyDrive/Colab Notebooks/Mask-detect/imagens/sem-mascara/747.jpg,Sem mascara,0
863,/content/drive/MyDrive/Colab Notebooks/Mask-detect/imagens/sem-mascara/86.jpg,Sem mascara,0
864,/content/drive/MyDrive/Colab Notebooks/Mask-detect/imagens/sem-mascara/706.jpg,Sem mascara,0
865,/content/drive/MyDrive/Colab Notebooks/Mask-detect/imagens/sem-mascara/844.jpg,Sem mascara,0
866,/content/drive/MyDrive/Colab Notebooks/Mask-detect/imagens/sem-mascara/765.jpg,Sem mascara,0
867,/content/drive/MyDrive/Colab Notebooks/Mask-detect/imagens/sem-mascara/708.jpg,Sem mascara,0
868,/content/drive/MyDrive/Colab Notebooks/Mask-detect/imagens/sem-mascara/726.jpg,Sem mascara,0
869,/content/drive/MyDrive/Colab Notebooks/Mask-detect/imagens/sem-mascara/893.jpg,Sem mascara,0
870,/content/drive/MyDrive/Colab Notebooks/Mask-detect/imagens/sem-mascara/884.jpg,Sem mascara,0
871,/content/drive/MyDrive/Colab Notebooks/Mask-detect/imagens/sem-mascara/756.jpg,Sem mascara,0
872,/content/drive/MyDrive/Colab Notebooks/Mask-detect/imagens/sem-mascara/719.jpg,Sem mascara,0
873,/content/drive/MyDrive/Colab Notebooks/Mask-detect/imagens/sem-mascara/913.jpg,Sem mascara,0
874,/content/drive/MyDrive/Colab Notebooks/Mask-detect/imagens/sem-mascara/762.jpg,Sem mascara,0
875,/content/drive/MyDrive/Colab Notebooks/Mask-detect/imagens/sem-mascara/96.jpg,Sem mascara,0
876,/content/drive/MyDrive/Colab Notebooks/Mask-detect/imagens/sem-mascara/908.jpg,Sem mascara,0
877,/content/drive/MyDrive/Colab Notebooks/Mask-detect/imagens/sem-mascara/838.jpg,Sem mascara,0
878,/content/drive/MyDrive/Colab Notebooks/Mask-detect/imagens/sem-mascara/749.jpg,Sem mascara,0
879,/content/drive/MyDrive/Colab Notebooks/Mask-detect/imagens/sem-mascara/939.jpg,Sem mascara,0
880,/content/drive/MyDrive/Colab Notebooks/Mask-detect/imagens/sem-mascara/824.jpg,Sem mascara,0
881,/content/drive/MyDrive/Colab Notebooks/Mask-detect/imagens/sem-mascara/920.jpg,Sem mascara,0
882,/content/drive/MyDrive/Colab Notebooks/Mask-detect/imagens/sem-mascara/758.jpg,Sem mascara,0
883,/content/drive/MyDrive/Colab Notebooks/Mask-detect/imagens/sem-mascara/820.jpg,Sem mascara,0
884,/content/drive/MyDrive/Colab Notebooks/Mask-detect/imagens/sem-mascara/940.jpg,Sem mascara,0
885,/content/drive/MyDrive/Colab Notebooks/Mask-detect/imagens/sem-mascara/759.jpg,Sem mascara,0
886,/content/drive/MyDrive/Colab Notebooks/Mask-detect/imagens/sem-mascara/810.jpg,Sem mascara,0
887,/content/drive/MyDrive/Colab Notebooks/Mask-detect/imagens/sem-mascara/713.jpg,Sem mascara,0
888,/content/drive/MyDrive/Colab Notebooks/Mask-detect/imagens/sem-mascara/74.jpg,Sem mascara,0
889,/content/drive/MyDrive/Colab Notebooks/Mask-detect/imagens/sem-mascara/697.jpg,Sem mascara,0
890,/content/drive/MyDrive/Colab Notebooks/Mask-detect/imagens/sem-mascara/766.jpg,Sem mascara,0
891,/content/drive/MyDrive/Colab Notebooks/Mask-detect/imagens/sem-mascara/894.jpg,Sem mascara,0
892,/content/drive/MyDrive/Colab Notebooks/Mask-detect/imagens/sem-mascara/857.jpg,Sem mascara,0
893,/content/drive/MyDrive/Colab Notebooks/Mask-detect/imagens/sem-mascara/834.jpg,Sem mascara,0
894,/content/drive/MyDrive/Colab Notebooks/Mask-detect/imagens/sem-mascara/826.jpg,Sem mascara,0
895,/content/drive/MyDrive/Colab Notebooks/Mask-detect/imagens/sem-mascara/698.jpg,Sem mascara,0
896,/content/drive/MyDrive/Colab Notebooks/Mask-detect/imagens/sem-mascara/910.jpg,Sem mascara,0
897,/content/drive/MyDrive/Colab Notebooks/Mask-detect/imagens/sem-mascara/813.jpg,Sem mascara,0
898,/content/drive/MyDrive/Colab Notebooks/Mask-detect/imagens/sem-mascara/79.jpg,Sem mascara,0
899,/content/drive/MyDrive/Colab Notebooks/Mask-detect/imagens/sem-mascara/808.jpg,Sem mascara,0
900,/content/drive/MyDrive/Colab Notebooks/Mask-detect/imagens/sem-mascara/696.jpg,Sem mascara,0
901,/content/drive/MyDrive/Colab Notebooks/Mask-detect/imagens/sem-mascara/730.jpg,Sem mascara,0
902,/content/drive/MyDrive/Colab Notebooks/Mask-detect/imagens/sem-mascara/740.jpg,Sem mascara,0
903,/content/drive/MyDrive/Colab Notebooks/Mask-detect/imagens/sem-mascara/763.jpg,Sem mascara,0
904,/content/drive/MyDrive/Colab Notebooks/Mask-detect/imagens/sem-mascara/879.jpg,Sem mascara,0
905,/content/drive/MyDrive/Colab Notebooks/Mask-detect/imagens/sem-mascara/888.jpg,Sem mascara,0
906,/content/drive/MyDrive/Colab Notebooks/Mask-detect/imagens/sem-mascara/905.jpg,Sem mascara,0
907,/content/drive/MyDrive/Colab Notebooks/Mask-detect/imagens/sem-mascara/80.jpg,Sem mascara,0
908,/content/drive/MyDrive/Colab Notebooks/Mask-detect/imagens/sem-mascara/907.jpg,Sem mascara,0
909,/content/drive/MyDrive/Colab Notebooks/Mask-detect/imagens/sem-mascara/922.jpg,Sem mascara,0
910,/content/drive/MyDrive/Colab Notebooks/Mask-detect/imagens/sem-mascara/902.jpg,Sem mascara,0
911,/content/drive/MyDrive/Colab Notebooks/Mask-detect/imagens/sem-mascara/738.jpg,Sem mascara,0
912,/content/drive/MyDrive/Colab Notebooks/Mask-detect/imagens/sem-mascara/797.jpg,Sem mascara,0
913,/content/drive/MyDrive/Colab Notebooks/Mask-detect/imagens/sem-mascara/930.jpg,Sem mascara,0
914,/content/drive/MyDrive/Colab Notebooks/Mask-detect/imagens/sem-mascara/823.jpg,Sem mascara,0
915,/content/drive/MyDrive/Colab Notebooks/Mask-detect/imagens/sem-mascara/97.jpg,Sem mascara,0
916,/content/drive/MyDrive/Colab Notebooks/Mask-detect/imagens/sem-mascara/853.jpg,Sem mascara,0
917,/content/drive/MyDrive/Colab Notebooks/Mask-detect/imagens/sem-mascara/918.jpg,Sem mascara,0
918,/content/drive/MyDrive/Colab Notebooks/Mask-detect/imagens/sem-mascara/761.jpg,Sem mascara,0
919,/content/drive/MyDrive/Colab Notebooks/Mask-detect/imagens/sem-mascara/779.jpg,Sem mascara,0
920,/content/drive/MyDrive/Colab Notebooks/Mask-detect/imagens/sem-mascara/799.jpg,Sem mascara,0
921,/content/drive/MyDrive/Colab Notebooks/Mask-detect/imagens/sem-mascara/901.jpg,Sem mascara,0
922,/content/drive/MyDrive/Colab Notebooks/Mask-detect/imagens/sem-mascara/870.jpg,Sem mascara,0
923,/content/drive/MyDrive/Colab Notebooks/Mask-detect/imagens/sem-mascara/790.jpg,Sem mascara,0
924,/content/drive/MyDrive/Colab Notebooks/Mask-detect/imagens/sem-mascara/842.jpg,Sem mascara,0
925,/content/drive/MyDrive/Colab Notebooks/Mask-detect/imagens/sem-mascara/704.jpg,Sem mascara,0
926,/content/drive/MyDrive/Colab Notebooks/Mask-detect/imagens/sem-mascara/949.jpg,Sem mascara,0
927,/content/drive/MyDrive/Colab Notebooks/Mask-detect/imagens/sem-mascara/777.jpg,Sem mascara,0
928,/content/drive/MyDrive/Colab Notebooks/Mask-detect/imagens/sem-mascara/950.jpg,Sem mascara,0
929,/content/drive/MyDrive/Colab Notebooks/Mask-detect/imagens/sem-mascara/832.jpg,Sem mascara,0
930,/content/drive/MyDrive/Colab Notebooks/Mask-detect/imagens/sem-mascara/935.jpg,Sem mascara,0
931,/content/drive/MyDrive/Colab Notebooks/Mask-detect/imagens/sem-mascara/836.jpg,Sem mascara,0
932,/content/drive/MyDrive/Colab Notebooks/Mask-detect/imagens/sem-mascara/923.jpg,Sem mascara,0
933,/content/drive/MyDrive/Colab Notebooks/Mask-detect/imagens/sem-mascara/916.jpg,Sem mascara,0
934,/content/drive/MyDrive/Colab Notebooks/Mask-detect/imagens/sem-mascara/710.jpg,Sem mascara,0
935,/content/drive/MyDrive/Colab Notebooks/Mask-detect/imagens/sem-mascara/863.jpg,Sem mascara,0
936,/content/drive/MyDrive/Colab Notebooks/Mask-detect/imagens/sem-mascara/895.jpg,Sem mascara,0
937,/content/drive/MyDrive/Colab Notebooks/Mask-detect/imagens/sem-mascara/811.jpg,Sem mascara,0
938,/content/drive/MyDrive/Colab Notebooks/Mask-detect/imagens/sem-mascara/915.jpg,Sem mascara,0
939,/content/drive/MyDrive/Colab Notebooks/Mask-detect/imagens/sem-mascara/760.jpg,Sem mascara,0
940,/content/drive/MyDrive/Colab Notebooks/Mask-detect/imagens/sem-mascara/957.jpg,Sem mascara,0
941,/content/drive/MyDrive/Colab Notebooks/Mask-detect/imagens/sem-mascara/794.jpg,Sem mascara,0
942,/content/drive/MyDrive/Colab Notebooks/Mask-detect/imagens/sem-mascara/781.jpg,Sem mascara,0
943,/content/drive/MyDrive/Colab Notebooks/Mask-detect/imagens/sem-mascara/806.jpg,Sem mascara,0
944,/content/drive/MyDrive/Colab Notebooks/Mask-detect/imagens/sem-mascara/92.jpg,Sem mascara,0
945,/content/drive/MyDrive/Colab Notebooks/Mask-detect/imagens/sem-mascara/791.jpg,Sem mascara,0
946,/content/drive/MyDrive/Colab Notebooks/Mask-detect/imagens/sem-mascara/76.jpg,Sem mascara,0
947,/content/drive/MyDrive/Colab Notebooks/Mask-detect/imagens/sem-mascara/880.jpg,Sem mascara,0
948,/content/drive/MyDrive/Colab Notebooks/Mask-detect/imagens/sem-mascara/71.jpg,Sem mascara,0
949,/content/drive/MyDrive/Colab Notebooks/Mask-detect/imagens/sem-mascara/769.jpg,Sem mascara,0
950,/content/drive/MyDrive/Colab Notebooks/Mask-detect/imagens/sem-mascara/705.jpg,Sem mascara,0
951,/content/drive/MyDrive/Colab Notebooks/Mask-detect/imagens/sem-mascara/99.jpg,Sem mascara,0
952,/content/drive/MyDrive/Colab Notebooks/Mask-detect/imagens/sem-mascara/944.jpg,Sem mascara,0
953,/content/drive/MyDrive/Colab Notebooks/Mask-detect/imagens/sem-mascara/733.jpg,Sem mascara,0
954,/content/drive/MyDrive/Colab Notebooks/Mask-detect/imagens/sem-mascara/951.jpg,Sem mascara,0
955,/content/drive/MyDrive/Colab Notebooks/Mask-detect/imagens/sem-mascara/805.jpg,Sem mascara,0
956,/content/drive/MyDrive/Colab Notebooks/Mask-detect/imagens/sem-mascara/864.jpg,Sem mascara,0
957,/content/drive/MyDrive/Colab Notebooks/Mask-detect/imagens/sem-mascara/822.jpg,Sem mascara,0
958,/content/drive/MyDrive/Colab Notebooks/Mask-detect/imagens/sem-mascara/896.jpg,Sem mascara,0
959,/content/drive/MyDrive/Colab Notebooks/Mask-detect/imagens/sem-mascara/784.jpg,Sem mascara,0
960,/content/drive/MyDrive/Colab Notebooks/Mask-detect/imagens/sem-mascara/772.jpg,Sem mascara,0
961,/content/drive/MyDrive/Colab Notebooks/Mask-detect/imagens/sem-mascara/75.jpg,Sem mascara,0
962,/content/drive/MyDrive/Colab Notebooks/Mask-detect/imagens/sem-mascara/816.jpg,Sem mascara,0
963,/content/drive/MyDrive/Colab Notebooks/Mask-detect/imagens/sem-mascara/800.jpg,Sem mascara,0
964,/content/drive/MyDrive/Colab Notebooks/Mask-detect/imagens/sem-mascara/958.jpg,Sem mascara,0
965,/content/drive/MyDrive/Colab Notebooks/Mask-detect/imagens/sem-mascara/917.jpg,Sem mascara,0
966,/content/drive/MyDrive/Colab Notebooks/Mask-detect/imagens/sem-mascara/754.jpg,Sem mascara,0
967,/content/drive/MyDrive/Colab Notebooks/Mask-detect/imagens/sem-mascara/847.jpg,Sem mascara,0
968,/content/drive/MyDrive/Colab Notebooks/Mask-detect/imagens/sem-mascara/709.jpg,Sem mascara,0
969,/content/drive/MyDrive/Colab Notebooks/Mask-detect/imagens/sem-mascara/83.jpg,Sem mascara,0
970,/content/drive/MyDrive/Colab Notebooks/Mask-detect/imagens/sem-mascara/82.jpg,Sem mascara,0
971,/content/drive/MyDrive/Colab Notebooks/Mask-detect/imagens/sem-mascara/807.jpg,Sem mascara,0
972,/content/drive/MyDrive/Colab Notebooks/Mask-detect/imagens/sem-mascara/860.jpg,Sem mascara,0
973,/content/drive/MyDrive/Colab Notebooks/Mask-detect/imagens/sem-mascara/785.jpg,Sem mascara,0
974,/content/drive/MyDrive/Colab Notebooks/Mask-detect/imagens/sem-mascara/945.jpg,Sem mascara,0
975,/content/drive/MyDrive/Colab Notebooks/Mask-detect/imagens/sem-mascara/764.jpg,Sem mascara,0
976,/content/drive/MyDrive/Colab Notebooks/Mask-detect/imagens/sem-mascara/771.jpg,Sem mascara,0
977,/content/drive/MyDrive/Colab Notebooks/Mask-detect/imagens/sem-mascara/933.jpg,Sem mascara,0
978,/content/drive/MyDrive/Colab Notebooks/Mask-detect/imagens/sem-mascara/909.jpg,Sem mascara,0
979,/content/drive/MyDrive/Colab Notebooks/Mask-detect/imagens/sem-mascara/755.jpg,Sem mascara,0
980,/content/drive/MyDrive/Colab Notebooks/Mask-detect/imagens/sem-mascara/831.jpg,Sem mascara,0
981,/content/drive/MyDrive/Colab Notebooks/Mask-detect/imagens/sem-mascara/912.jpg,Sem mascara,0
982,/content/drive/MyDrive/Colab Notebooks/Mask-detect/imagens/sem-mascara/819.jpg,Sem mascara,0
983,/content/drive/MyDrive/Colab Notebooks/Mask-detect/imagens/sem-mascara/952.jpg,Sem mascara,0
984,/content/drive/MyDrive/Colab Notebooks/Mask-detect/imagens/sem-mascara/921.jpg,Sem mascara,0
985,/content/drive/MyDrive/Colab Notebooks/Mask-detect/imagens/sem-mascara/871.jpg,Sem mascara,0
986,/content/drive/MyDrive/Colab Notebooks/Mask-detect/imagens/sem-mascara/929.jpg,Sem mascara,0
987,/content/drive/MyDrive/Colab Notebooks/Mask-detect/imagens/sem-mascara/850.jpg,Sem mascara,0
988,/content/drive/MyDrive/Colab Notebooks/Mask-detect/imagens/sem-mascara/843.jpg,Sem mascara,0
989,/content/drive/MyDrive/Colab Notebooks/Mask-detect/imagens/sem-mascara/946.jpg,Sem mascara,0
990,/content/drive/MyDrive/Colab Notebooks/Mask-detect/imagens/sem-mascara/892.jpg,Sem mascara,0
991,/content/drive/MyDrive/Colab Notebooks/Mask-detect/imagens/sem-mascara/833.jpg,Sem mascara,0
992,/content/drive/MyDrive/Colab Notebooks/Mask-detect/imagens/sem-mascara/804.jpg,Sem mascara,0
993,/content/drive/MyDrive/Colab Notebooks/Mask-detect/imagens/sem-mascara/768.jpg,Sem mascara,0
994,/content/drive/MyDrive/Colab Notebooks/Mask-detect/imagens/sem-mascara/729.jpg,Sem mascara,0
995,/content/drive/MyDrive/Colab Notebooks/Mask-detect/imagens/sem-mascara/883.jpg,Sem mascara,0
996,/content/drive/MyDrive/Colab Notebooks/Mask-detect/imagens/sem-mascara/757.jpg,Sem mascara,0
